date,price_mwh,demand_mw,temperature_f,wind_generation_mw,solar_generation_mw,natural_gas_price,day_of_week,month,is_weekend,is_spike
2022-01-01,54.15,2393.0,31.5,177.5,2.1,2.93,5,1,1,0
2022-01-02,46.14,2667.0,30.6,382.1,53.7,2.4,6,1,1,0
2022-01-03,49.64,3057.0,28.1,454.3,10.2,2.63,0,1,0,0
2022-01-04,42.22,2937.0,13.0,278.5,24.9,1.89,1,1,0,0
2022-01-05,51.6,3046.0,23.0,281.0,28.2,2.58,2,1,0,0
2022-01-06,48.21,2905.0,27.3,228.5,44.9,2.58,3,1,0,0
2022-01-07,45.4,2960.0,37.0,315.8,2.6,2.4,4,1,0,0
2022-01-08,44.72,2586.0,30.1,281.3,0.0,2.86,5,1,1,0
2022-01-09,34.3,2864.0,19.2,171.9,70.5,2.17,6,1,1,0
2022-01-10,53.77,3202.0,30.9,132.4,4.9,2.53,0,1,0,0
2022-01-11,44.89,3079.0,26.7,460.5,0.0,1.76,1,1,0,0
2022-01-12,50.66,2737.0,21.5,198.8,79.6,2.62,2,1,0,0
2022-01-13,42.43,2833.0,7.0,183.8,0.0,2.56,3,1,0,0
2022-01-14,45.0,2987.0,21.1,425.3,52.5,2.11,4,1,0,0
2022-01-15,41.96,2660.0,25.0,452.9,0.0,2.45,5,1,1,0
2022-01-16,47.0,2658.0,27.7,233.3,61.5,2.33,6,1,1,0
2022-01-17,41.38,3179.0,19.2,183.6,32.1,2.59,0,1,0,0
2022-01-18,46.0,2855.0,18.3,525.3,18.7,2.62,1,1,0,0
2022-01-19,40.08,2906.0,24.2,0.0,29.6,1.95,2,1,0,0
2022-01-20,50.16,3130.0,16.4,417.3,10.2,2.08,3,1,0,0
2022-01-21,50.17,2923.0,24.0,296.2,0.0,2.12,4,1,0,0
2022-01-22,41.01,2492.0,19.5,388.8,48.7,2.11,5,1,1,0
2022-01-23,42.52,2702.0,25.5,177.5,70.9,2.08,6,1,1,0
2022-01-24,39.59,3009.0,23.5,163.2,10.0,2.66,0,1,0,0
2022-01-25,44.59,2968.0,26.1,202.9,0.0,2.27,1,1,0,0
2022-01-26,51.38,3055.0,31.4,373.3,82.1,2.11,2,1,0,0
2022-01-27,43.41,2905.0,29.2,232.0,74.6,2.44,3,1,0,0
2022-01-28,41.97,2963.0,28.1,216.8,0.0,2.64,4,1,0,0
2022-01-29,37.85,2515.0,19.1,219.4,33.2,2.87,5,1,1,0
2022-01-30,40.91,2753.0,17.4,276.6,27.9,2.18,6,1,1,0
2022-01-31,48.53,2557.0,34.9,179.1,92.0,2.35,0,1,0,0
2022-02-01,48.44,3325.0,45.3,185.6,35.3,2.55,1,2,0,0
2022-02-02,52.69,3043.0,23.1,252.9,41.5,3.34,2,2,0,0
2022-02-03,48.31,2851.0,17.1,295.7,70.3,2.16,3,2,0,0
2022-02-04,52.97,3475.0,27.2,265.7,55.5,2.75,4,2,0,0
2022-02-05,54.87,2997.0,34.4,148.8,24.2,2.48,5,2,1,0
2022-02-06,49.37,2615.0,20.4,271.5,37.4,2.39,6,2,1,0
2022-02-07,49.76,3284.0,33.9,432.8,33.2,2.38,0,2,0,0
2022-02-08,50.13,3289.0,31.4,453.8,56.5,3.22,1,2,0,0
2022-02-09,49.55,3051.0,35.4,384.2,61.2,1.66,2,2,0,0
2022-02-10,40.67,3176.0,26.5,317.3,28.3,2.3,3,2,0,0
2022-02-11,47.77,3089.0,33.4,334.8,41.1,2.72,4,2,0,0
2022-02-12,46.71,2322.0,33.8,262.2,0.0,2.4,5,2,1,0
2022-02-13,52.11,2514.0,39.0,327.2,81.8,2.87,6,2,1,0
2022-02-14,45.95,2898.0,19.3,292.5,33.0,2.07,0,2,0,0
2022-02-15,39.12,3041.0,12.5,269.1,69.4,2.63,1,2,0,0
2022-02-16,44.54,3313.0,35.1,444.8,40.7,2.49,2,2,0,0
2022-02-17,47.37,3299.0,33.8,431.6,12.4,2.1,3,2,0,0
2022-02-18,47.95,3206.0,30.6,119.6,0.0,2.92,4,2,0,0
2022-02-19,53.26,2687.0,36.5,355.8,34.3,2.58,5,2,1,0
2022-02-20,47.58,2775.0,28.7,390.8,14.8,2.68,6,2,1,0
2022-02-21,42.87,3164.0,28.7,349.3,14.0,1.89,0,2,0,0
2022-02-22,62.26,3133.0,24.2,404.5,37.9,2.96,1,2,0,0
2022-02-23,43.78,3263.0,34.9,47.2,15.4,2.64,2,2,0,0
2022-02-24,58.15,3022.0,21.9,292.4,5.7,2.92,3,2,0,0
2022-02-25,52.35,3095.0,21.9,566.2,5.9,2.5,4,2,0,0
2022-02-26,40.91,2862.0,24.2,241.0,40.5,1.6,5,2,1,0
2022-02-27,43.04,2910.0,32.2,188.7,38.3,1.82,6,2,1,0
2022-02-28,45.38,3061.0,25.7,238.3,43.2,2.33,0,2,0,0
2022-03-01,42.72,3143.0,46.0,370.1,91.2,1.76,1,3,0,0
2022-03-02,47.68,2804.0,26.0,351.4,80.8,1.88,2,3,0,0
2022-03-03,42.37,2948.0,42.3,227.9,20.5,2.24,3,3,0,0
2022-03-04,48.7,3311.0,40.7,291.3,3.6,1.85,4,3,0,0
2022-03-05,38.3,2931.0,35.1,358.3,44.7,2.96,5,3,1,0
2022-03-06,45.29,2596.0,32.4,251.9,27.0,1.96,6,3,1,0
2022-03-07,51.16,3210.0,35.1,345.9,66.9,2.5,0,3,0,0
2022-03-08,49.63,3094.0,34.2,347.8,63.0,2.34,1,3,0,0
2022-03-09,56.76,3024.0,20.1,439.0,62.9,2.67,2,3,0,0
2022-03-10,40.75,3313.0,34.7,419.0,46.5,2.25,3,3,0,0
2022-03-11,77.71,3513.0,33.4,311.3,0.0,1.94,4,3,0,1
2022-03-12,43.18,3138.0,43.2,340.5,73.5,3.04,5,3,1,0
2022-03-13,50.79,2745.0,45.3,205.4,84.4,2.95,6,3,1,0
2022-03-14,56.34,3375.0,41.7,356.8,49.2,2.21,0,3,0,0
2022-03-15,51.1,3021.0,40.7,188.4,40.2,2.09,1,3,0,0
2022-03-16,62.66,2951.0,45.4,401.0,85.8,2.2,2,3,0,0
2022-03-17,49.7,3364.0,48.4,439.4,44.9,2.05,3,3,0,0
2022-03-18,47.92,3224.0,31.3,517.6,27.2,2.52,4,3,0,0
2022-03-19,45.24,3112.0,45.8,534.3,30.0,2.52,5,3,1,0
2022-03-20,38.24,3082.0,35.5,229.8,9.3,2.54,6,3,1,0
2022-03-21,54.71,3349.0,36.1,412.4,72.3,2.1,0,3,0,0
2022-03-22,43.65,2993.0,36.0,149.6,51.4,2.01,1,3,0,0
2022-03-23,48.1,3328.0,38.0,181.2,44.9,2.46,2,3,0,0
2022-03-24,44.65,3185.0,31.0,141.7,43.9,2.07,3,3,0,0
2022-03-25,47.81,3053.0,39.1,225.9,23.3,2.63,4,3,0,0
2022-03-26,54.66,2605.0,37.2,135.3,56.8,3.05,5,3,1,0
2022-03-27,54.39,2873.0,25.2,450.7,25.2,2.11,6,3,1,0
2022-03-28,53.2,3015.0,28.5,107.7,98.1,2.03,0,3,0,0
2022-03-29,51.18,3160.0,44.8,439.9,68.3,3.17,1,3,0,0
2022-03-30,85.58,3322.0,34.2,444.2,19.1,3.16,2,3,0,1
2022-03-31,61.04,3174.0,46.0,417.5,51.8,2.14,3,3,0,0
2022-04-01,116.36,3153.0,38.7,529.8,10.6,2.53,4,4,0,1
2022-04-02,50.32,2813.0,53.8,423.8,101.4,2.08,5,4,1,0
2022-04-03,42.83,2691.0,46.4,291.6,62.8,2.69,6,4,1,0
2022-04-04,50.2,3408.0,47.0,345.9,96.0,2.69,0,4,0,0
2022-04-05,52.86,3166.0,53.9,464.0,98.6,1.93,1,4,0,0
2022-04-06,61.03,3407.0,47.9,455.6,54.2,2.2,2,4,0,0
2022-04-07,53.3,3332.0,46.6,506.0,69.6,3.5,3,4,0,0
2022-04-08,49.21,3041.0,49.9,384.4,72.5,2.34,4,4,0,0
2022-04-09,56.5,2794.0,43.9,421.4,103.0,2.27,5,4,1,0
2022-04-10,58.05,2836.0,54.3,517.4,28.3,3.09,6,4,1,0
2022-04-11,55.16,2910.0,43.9,112.3,78.5,3.18,0,4,0,0
2022-04-12,50.08,3136.0,37.6,507.7,49.6,2.59,1,4,0,0
2022-04-13,51.94,3278.0,57.7,574.1,66.8,2.42,2,4,0,0
2022-04-14,54.39,3220.0,39.7,413.0,60.7,2.64,3,4,0,0
2022-04-15,51.67,3052.0,48.8,323.3,0.0,2.0,4,4,0,0
2022-04-16,36.18,3220.0,59.9,358.1,39.7,1.94,5,4,1,0
2022-04-17,59.3,3019.0,56.9,343.8,98.4,2.66,6,4,1,0
2022-04-18,56.34,3633.0,56.6,332.6,89.9,1.72,0,4,0,0
2022-04-19,50.04,3315.0,41.7,532.8,62.5,2.86,1,4,0,0
2022-04-20,48.59,3316.0,52.3,420.3,57.3,2.48,2,4,0,0
2022-04-21,58.77,2986.0,49.3,301.5,91.1,2.35,3,4,0,0
2022-04-22,57.71,3265.0,49.2,404.2,48.6,2.95,4,4,0,0
2022-04-23,55.43,2621.0,57.3,314.8,57.8,2.52,5,4,1,0
2022-04-24,54.13,2643.0,46.7,502.7,24.8,2.87,6,4,1,0
2022-04-25,49.3,2900.0,52.1,603.0,51.3,2.56,0,4,0,0
2022-04-26,61.11,3269.0,51.9,453.4,36.2,2.89,1,4,0,0
2022-04-27,128.98,3175.0,48.5,267.7,20.5,2.02,2,4,0,1
2022-04-28,54.45,3389.0,50.4,429.2,96.7,2.46,3,4,0,0
2022-04-29,52.48,3437.0,63.1,490.4,57.9,2.5,4,4,0,0
2022-04-30,43.8,3164.0,43.7,440.7,104.4,1.96,5,4,1,0
2022-05-01,43.89,2676.0,68.9,490.7,86.5,2.32,6,5,1,0
2022-05-02,50.91,3294.0,59.0,716.7,123.1,2.24,0,5,0,0
2022-05-03,46.64,3415.0,75.8,461.9,92.2,2.45,1,5,0,0
2022-05-04,54.06,3292.0,66.8,462.6,110.2,2.86,2,5,0,0
2022-05-05,42.58,3147.0,66.2,427.9,99.5,2.67,3,5,0,0
2022-05-06,58.34,3476.0,68.9,553.9,72.1,3.27,4,5,0,0
2022-05-07,48.84,2448.0,52.0,391.0,54.3,1.95,5,5,1,0
2022-05-08,51.03,2906.0,56.9,408.1,82.4,2.44,6,5,1,0
2022-05-09,40.57,3138.0,60.0,566.5,97.6,1.94,0,5,0,0
2022-05-10,51.84,2957.0,75.7,511.8,65.9,2.27,1,5,0,0
2022-05-11,44.07,3260.0,52.2,488.1,76.0,1.88,2,5,0,0
2022-05-12,47.55,3117.0,62.4,197.9,88.2,2.43,3,5,0,0
2022-05-13,62.85,3081.0,68.3,268.9,62.9,2.38,4,5,0,0
2022-05-14,38.19,2872.0,48.1,357.3,101.9,2.68,5,5,1,0
2022-05-15,39.31,2957.0,58.0,443.2,65.2,2.76,6,5,1,0
2022-05-16,85.26,2828.0,80.6,355.2,139.1,3.15,0,5,0,1
2022-05-17,52.57,2962.0,58.8,434.8,50.7,2.4,1,5,0,0
2022-05-18,60.78,2879.0,57.6,549.0,77.3,2.4,2,5,0,0
2022-05-19,59.02,3286.0,40.5,487.4,34.5,2.72,3,5,0,0
2022-05-20,52.59,3005.0,77.8,427.9,68.4,2.03,4,5,0,0
2022-05-21,49.97,2910.0,51.9,435.2,29.0,2.94,5,5,1,0
2022-05-22,62.41,3010.0,66.2,390.8,69.0,2.91,6,5,1,0
2022-05-23,55.41,3019.0,69.1,518.6,80.6,2.23,0,5,0,0
2022-05-24,52.34,3225.0,63.6,465.5,43.4,1.77,1,5,0,0
2022-05-25,58.31,3120.0,63.5,415.4,73.6,2.14,2,5,0,0
2022-05-26,56.43,2971.0,67.0,472.7,46.0,3.05,3,5,0,0
2022-05-27,46.76,3188.0,61.3,189.4,28.4,2.59,4,5,0,0
2022-05-28,52.61,2889.0,69.2,347.9,80.2,2.23,5,5,1,0
2022-05-29,50.11,2893.0,60.5,540.0,106.2,1.53,6,5,1,0
2022-05-30,47.89,3222.0,63.6,376.1,70.5,2.12,0,5,0,0
2022-05-31,44.8,3022.0,59.8,224.7,120.9,2.32,1,5,0,0
2022-06-01,52.5,2878.0,69.1,389.1,67.5,2.45,2,6,0,0
2022-06-02,55.53,2875.0,60.1,224.7,124.3,2.95,3,6,0,0
2022-06-03,43.2,2774.0,79.7,488.8,118.7,2.18,4,6,0,0
2022-06-04,46.31,2641.0,67.6,280.6,101.2,1.98,5,6,1,0
2022-06-05,53.0,2609.0,62.5,570.9,60.6,3.6,6,6,1,0
2022-06-06,43.48,2771.0,61.8,470.9,74.5,2.17,0,6,0,0
2022-06-07,39.25,2906.0,74.5,476.9,86.8,2.33,1,6,0,0
2022-06-08,53.91,2852.0,69.5,439.1,103.2,3.17,2,6,0,0
2022-06-09,38.03,2925.0,63.8,562.3,106.3,2.75,3,6,0,0
2022-06-10,39.15,3152.0,78.9,274.2,68.5,2.31,4,6,0,0
2022-06-11,43.14,2621.0,71.5,465.1,68.9,2.08,5,6,1,0
2022-06-12,42.97,2666.0,59.6,342.1,80.2,1.86,6,6,1,0
2022-06-13,52.92,3125.0,69.8,290.9,121.0,2.28,0,6,0,0
2022-06-14,57.05,2739.0,76.1,299.6,54.1,2.48,1,6,0,0
2022-06-15,37.52,2644.0,76.9,291.7,109.5,1.85,2,6,0,0
2022-06-16,58.34,2986.0,76.8,262.3,46.6,2.66,3,6,0,0
2022-06-17,48.01,2869.0,65.6,333.6,123.7,2.49,4,6,0,0
2022-06-18,51.88,2720.0,76.7,255.2,83.6,2.03,5,6,1,0
2022-06-19,42.65,2816.0,65.1,580.6,114.8,2.47,6,6,1,0
2022-06-20,48.89,2577.0,68.1,657.8,75.5,2.52,0,6,0,0
2022-06-21,50.66,3062.0,64.0,428.5,70.6,2.63,1,6,0,0
2022-06-22,40.88,2654.0,81.6,451.2,115.8,2.67,2,6,0,0
2022-06-23,58.36,2917.0,80.8,396.9,79.5,3.13,3,6,0,0
2022-06-24,44.83,2804.0,65.5,296.7,85.9,2.42,4,6,0,0
2022-06-25,45.41,2657.0,70.7,458.6,69.5,3.25,5,6,1,0
2022-06-26,30.14,2545.0,63.9,468.6,117.0,1.99,6,6,1,0
2022-06-27,53.25,2903.0,71.1,629.5,109.2,3.29,0,6,0,0
2022-06-28,33.59,2852.0,77.2,646.9,68.0,2.55,1,6,0,0
2022-06-29,41.97,3100.0,86.2,421.5,36.2,2.97,2,6,0,0
2022-06-30,47.86,3085.0,73.1,502.2,138.6,2.24,3,6,0,0
2022-07-01,55.56,2852.0,68.7,519.1,89.4,3.0,4,7,0,0
2022-07-02,38.67,2478.0,72.5,364.5,83.9,2.38,5,7,1,0
2022-07-03,40.59,2552.0,74.5,415.3,119.2,2.24,6,7,1,0
2022-07-04,37.18,2889.0,68.5,529.7,67.1,2.53,0,7,0,0
2022-07-05,49.4,2807.0,76.8,381.7,101.7,2.37,1,7,0,0
2022-07-06,47.6,2786.0,66.1,627.9,64.2,2.64,2,7,0,0
2022-07-07,37.88,2857.0,83.8,698.9,134.7,2.26,3,7,0,0
2022-07-08,47.0,2751.0,72.3,394.5,58.7,2.56,4,7,0,0
2022-07-09,41.55,2410.0,75.7,628.0,79.6,2.36,5,7,1,0
2022-07-10,38.64,2702.0,74.4,149.4,75.9,3.11,6,7,1,0
2022-07-11,37.88,2571.0,82.7,505.0,24.4,2.4,0,7,0,0
2022-07-12,37.06,2853.0,74.8,344.5,54.5,2.2,1,7,0,0
2022-07-13,43.06,2727.0,82.3,340.7,41.7,2.17,2,7,0,0
2022-07-14,41.19,2953.0,60.4,374.9,49.4,2.51,3,7,0,0
2022-07-15,38.99,2779.0,66.3,496.4,95.4,3.04,4,7,0,0
2022-07-16,33.77,2606.0,76.8,412.8,43.0,1.99,5,7,1,0
2022-07-17,46.14,2875.0,56.8,325.7,130.4,2.43,6,7,1,0
2022-07-18,86.73,2822.0,76.5,283.0,62.4,1.78,0,7,0,1
2022-07-19,93.99,2771.0,77.8,334.6,73.7,3.2,1,7,0,1
2022-07-20,39.28,2525.0,71.0,332.9,31.2,2.24,2,7,0,0
2022-07-21,37.8,3103.0,75.0,368.4,52.6,2.87,3,7,0,0
2022-07-22,47.85,2718.0,59.8,435.7,61.9,2.85,4,7,0,0
2022-07-23,35.86,2470.0,72.2,752.4,137.9,1.85,5,7,1,0
2022-07-24,39.06,2627.0,78.0,366.7,34.6,2.62,6,7,1,0
2022-07-25,42.05,2580.0,84.4,387.1,74.6,2.93,0,7,0,0
2022-07-26,47.37,2818.0,73.2,465.7,34.8,2.69,1,7,0,0
2022-07-27,49.55,2966.0,71.3,269.5,84.2,1.53,2,7,0,0
2022-07-28,59.54,2961.0,81.7,344.9,91.7,2.25,3,7,0,0
2022-07-29,51.52,2851.0,74.1,573.4,55.2,3.1,4,7,0,0
2022-07-30,41.5,2462.0,79.6,524.0,44.0,1.89,5,7,1,0
2022-07-31,48.55,2318.0,78.4,350.6,109.0,2.94,6,7,1,0
2022-08-01,62.14,2906.0,65.8,157.6,29.1,2.49,0,8,0,0
2022-08-02,45.59,2910.0,72.6,616.3,113.7,2.99,1,8,0,0
2022-08-03,57.5,3017.0,78.3,510.7,57.8,3.02,2,8,0,0
2022-08-04,45.06,2985.0,72.2,272.2,60.0,2.61,3,8,0,0
2022-08-05,34.56,2951.0,58.6,351.6,80.1,2.41,4,8,0,0
2022-08-06,45.37,2700.0,79.5,268.3,96.6,2.82,5,8,1,0
2022-08-07,41.7,2477.0,61.3,258.2,15.9,2.18,6,8,1,0
2022-08-08,47.87,2817.0,76.2,523.0,84.4,2.88,0,8,0,0
2022-08-09,45.21,2849.0,76.7,324.0,44.0,2.5,1,8,0,0
2022-08-10,46.18,2805.0,77.0,308.2,78.6,2.77,2,8,0,0
2022-08-11,51.31,2831.0,78.7,398.3,60.2,2.39,3,8,0,0
2022-08-12,45.7,2941.0,61.0,465.3,122.3,3.0,4,8,0,0
2022-08-13,27.05,2870.0,78.3,179.4,137.0,2.69,5,8,1,0
2022-08-14,37.41,2267.0,77.4,459.6,39.4,3.57,6,8,1,0
2022-08-15,37.98,2805.0,69.6,251.4,30.6,2.54,0,8,0,0
2022-08-16,39.23,2821.0,71.5,374.3,33.1,2.51,1,8,0,0
2022-08-17,44.36,2986.0,75.7,353.1,58.6,2.79,2,8,0,0
2022-08-18,41.76,2924.0,77.2,390.5,50.6,3.03,3,8,0,0
2022-08-19,45.56,2749.0,79.9,321.8,30.0,3.42,4,8,0,0
2022-08-20,42.76,2628.0,72.4,332.4,60.4,2.92,5,8,1,0
2022-08-21,40.34,2580.0,76.6,554.6,67.2,2.2,6,8,1,0
2022-08-22,49.26,2800.0,66.4,302.6,59.0,2.44,0,8,0,0
2022-08-23,55.69,2919.0,74.9,290.5,91.3,2.18,1,8,0,0
2022-08-24,45.33,2610.0,72.9,325.1,65.0,2.78,2,8,0,0
2022-08-25,37.32,3004.0,72.4,359.4,53.2,3.16,3,8,0,0
2022-08-26,40.73,3025.0,69.2,409.7,24.8,2.86,4,8,0,0
2022-08-27,37.37,2527.0,78.8,434.3,93.2,2.85,5,8,1,0
2022-08-28,44.92,2678.0,79.8,85.7,84.0,3.0,6,8,1,0
2022-08-29,37.66,2837.0,65.3,162.3,68.9,2.2,0,8,0,0
2022-08-30,40.72,2909.0,69.3,415.6,72.8,2.21,1,8,0,0
2022-08-31,39.74,2875.0,77.3,352.0,112.4,2.71,2,8,0,0
2022-09-01,56.45,3022.0,53.9,0.0,55.5,2.77,3,9,0,0
2022-09-02,45.18,3078.0,61.9,441.4,33.0,2.73,4,9,0,0
2022-09-03,54.41,2784.0,60.1,237.6,89.9,2.13,5,9,1,0
2022-09-04,36.16,2704.0,61.1,128.4,23.7,1.93,6,9,1,0
2022-09-05,50.86,3048.0,63.9,169.3,61.9,2.42,0,9,0,0
2022-09-06,47.92,3059.0,54.1,477.9,41.8,2.91,1,9,0,0
2022-09-07,60.43,3219.0,68.8,381.6,21.1,2.93,2,9,0,0
2022-09-08,51.42,3111.0,58.1,352.9,57.1,2.63,3,9,0,0
2022-09-09,43.94,3004.0,58.1,423.2,64.8,2.27,4,9,0,0
2022-09-10,36.69,2963.0,64.3,344.3,57.0,2.52,5,9,1,0
2022-09-11,53.1,2717.0,65.5,334.1,58.5,3.79,6,9,1,0
2022-09-12,47.26,3154.0,56.7,429.5,79.5,2.71,0,9,0,0
2022-09-13,48.7,3167.0,56.5,373.4,87.8,2.28,1,9,0,0
2022-09-14,54.06,2965.0,67.5,398.2,111.8,2.77,2,9,0,0
2022-09-15,46.51,2944.0,63.4,371.7,47.0,2.6,3,9,0,0
2022-09-16,50.72,3081.0,57.8,384.6,22.3,2.18,4,9,0,0
2022-09-17,44.29,2985.0,58.1,338.2,37.6,2.04,5,9,1,0
2022-09-18,53.29,2777.0,56.3,367.8,46.6,1.79,6,9,1,0
2022-09-19,52.56,2772.0,73.2,395.6,82.5,1.95,0,9,0,0
2022-09-20,51.31,3001.0,67.9,366.5,61.9,2.27,1,9,0,0
2022-09-21,55.57,3459.0,65.6,355.5,39.8,2.59,2,9,0,0
2022-09-22,50.58,2912.0,67.8,228.2,38.8,2.59,3,9,0,0
2022-09-23,58.52,2918.0,52.9,238.4,49.7,2.77,4,9,0,0
2022-09-24,44.87,2827.0,53.1,438.1,0.0,1.96,5,9,1,0
2022-09-25,41.99,3157.0,66.9,465.5,63.8,2.46,6,9,1,0
2022-09-26,47.35,2971.0,63.7,141.1,36.0,2.32,0,9,0,0
2022-09-27,60.54,3184.0,61.7,345.1,0.0,2.37,1,9,0,0
2022-09-28,52.28,3362.0,60.8,330.0,82.9,2.33,2,9,0,0
2022-09-29,60.16,3203.0,64.2,236.3,17.8,2.35,3,9,0,0
2022-09-30,48.59,2952.0,74.6,507.9,30.3,2.74,4,9,0,0
2022-10-01,39.58,3253.0,52.6,242.6,50.6,2.64,5,10,1,0
2022-10-02,50.58,3168.0,41.7,375.0,32.5,2.11,6,10,1,0
2022-10-03,48.55,3164.0,65.4,403.1,23.6,3.34,0,10,0,0
2022-10-04,45.96,3140.0,51.5,418.1,71.5,1.75,1,10,0,0
2022-10-05,47.41,3200.0,38.8,228.6,28.3,2.13,2,10,0,0
2022-10-06,53.92,3196.0,42.4,344.3,38.6,2.35,3,10,0,0
2022-10-07,118.45,3224.0,34.1,278.9,54.7,2.7,4,10,0,1
2022-10-08,46.36,3020.0,51.2,91.0,26.2,2.92,5,10,1,0
2022-10-09,44.51,2640.0,46.3,443.0,36.5,2.52,6,10,1,0
2022-10-10,51.83,3173.0,52.6,290.4,22.1,1.61,0,10,0,0
2022-10-11,62.92,3041.0,44.7,218.3,35.1,2.1,1,10,0,0
2022-10-12,54.09,3133.0,57.6,316.6,5.7,3.21,2,10,0,0
2022-10-13,50.46,3184.0,51.9,370.4,93.1,2.02,3,10,0,0
2022-10-14,56.8,3187.0,55.8,265.5,40.1,1.44,4,10,0,0
2022-10-15,59.44,2874.0,61.2,491.6,39.2,2.68,5,10,1,0
2022-10-16,48.53,2902.0,42.0,47.8,9.4,2.97,6,10,1,0
2022-10-17,48.13,3355.0,59.7,423.8,32.5,2.53,0,10,0,0
2022-10-18,54.76,3174.0,51.9,155.2,25.1,2.49,1,10,0,0
2022-10-19,61.03,3247.0,49.7,420.2,7.5,2.5,2,10,0,0
2022-10-20,57.51,2998.0,45.5,270.0,69.3,2.96,3,10,0,0
2022-10-21,54.92,3085.0,65.4,221.2,69.2,2.91,4,10,0,0
2022-10-22,41.37,2793.0,43.1,280.1,28.1,2.04,5,10,1,0
2022-10-23,52.03,3005.0,52.5,215.0,69.8,2.1,6,10,1,0
2022-10-24,53.68,3354.0,41.4,409.7,26.4,2.71,0,10,0,0
2022-10-25,50.2,3101.0,67.4,383.8,58.7,3.1,1,10,0,0
2022-10-26,49.44,3201.0,51.6,388.7,47.9,2.25,2,10,0,0
2022-10-27,63.82,3232.0,54.8,313.2,51.0,2.0,3,10,0,0
2022-10-28,55.26,3278.0,52.0,300.5,57.3,2.13,4,10,0,0
2022-10-29,58.72,3028.0,42.3,343.1,93.8,2.29,5,10,1,0
2022-10-30,54.2,2884.0,63.9,46.0,46.3,1.77,6,10,1,0
2022-10-31,57.9,3515.0,49.5,257.6,66.3,3.04,0,10,0,0
2022-11-01,47.06,3019.0,34.5,173.6,32.1,2.16,1,11,0,0
2022-11-02,48.03,3226.0,45.0,52.1,32.8,2.65,2,11,0,0
2022-11-03,50.67,3325.0,42.1,170.1,22.2,2.3,3,11,0,0
2022-11-04,58.77,3265.0,41.3,248.1,35.5,1.83,4,11,0,0
2022-11-05,54.02,2615.0,34.3,222.7,0.0,2.78,5,11,1,0
2022-11-06,47.83,2722.0,32.4,281.0,0.0,2.28,6,11,1,0
2022-11-07,63.79,3081.0,34.3,379.8,0.0,2.8,0,11,0,0
2022-11-08,53.71,3312.0,47.5,352.2,45.9,2.79,1,11,0,0
2022-11-09,58.94,3309.0,28.2,55.9,22.3,3.39,2,11,0,0
2022-11-10,46.33,2984.0,38.9,220.2,6.4,1.8,3,11,0,0
2022-11-11,48.6,3237.0,38.1,123.6,27.1,1.95,4,11,0,0
2022-11-12,41.36,2942.0,23.8,318.8,42.5,2.68,5,11,1,0
2022-11-13,56.33,2907.0,39.0,89.3,46.3,2.41,6,11,1,0
2022-11-14,53.7,3135.0,39.5,317.1,13.9,3.05,0,11,0,0
2022-11-15,49.33,3180.0,34.8,173.3,24.0,2.58,1,11,0,0
2022-11-16,57.85,3318.0,38.0,318.2,31.3,2.94,2,11,0,0
2022-11-17,55.36,3282.0,43.9,161.4,0.0,1.66,3,11,0,0
2022-11-18,46.67,2969.0,42.5,220.5,74.7,2.95,4,11,0,0
2022-11-19,44.2,2886.0,36.8,271.7,0.0,3.09,5,11,1,0
2022-11-20,38.33,3105.0,41.0,135.1,19.2,3.0,6,11,1,0
2022-11-21,63.54,3106.0,14.4,273.5,61.9,2.27,0,11,0,0
2022-11-22,45.96,2907.0,41.9,154.3,13.5,2.13,1,11,0,0
2022-11-23,56.17,3130.0,52.7,22.1,0.0,3.45,2,11,0,0
2022-11-24,50.17,3188.0,39.1,170.7,28.9,3.32,3,11,0,0
2022-11-25,56.78,3361.0,26.8,221.7,31.3,2.33,4,11,0,0
2022-11-26,50.4,2910.0,35.9,194.7,11.7,1.73,5,11,1,0
2022-11-27,54.97,2813.0,55.4,156.9,6.8,3.14,6,11,1,0
2022-11-28,52.77,2894.0,33.1,295.5,0.0,1.9,0,11,0,0
2022-11-29,43.38,3054.0,21.2,97.6,80.6,2.49,1,11,0,0
2022-11-30,52.23,3351.0,46.6,201.2,62.0,1.87,2,11,0,0
2022-12-01,57.7,3030.0,35.4,90.6,27.9,2.31,3,12,0,0
2022-12-02,58.39,3110.0,31.2,312.9,20.4,2.99,4,12,0,0
2022-12-03,37.43,2682.0,20.0,327.5,37.1,2.35,5,12,1,0
2022-12-04,42.23,2651.0,42.8,232.5,57.4,2.73,6,12,1,0
2022-12-05,55.13,3056.0,23.2,349.8,0.0,1.86,0,12,0,0
2022-12-06,32.24,3087.0,24.9,210.6,0.0,2.2,1,12,0,0
2022-12-07,57.07,3133.0,30.8,308.6,22.3,2.82,2,12,0,0
2022-12-08,50.13,3048.0,27.7,388.0,0.0,2.31,3,12,0,0
2022-12-09,44.99,3184.0,27.2,366.6,32.3,2.39,4,12,0,0
2022-12-10,52.69,2858.0,32.8,291.1,67.4,2.28,5,12,1,0
2022-12-11,43.51,2851.0,48.9,314.7,7.4,2.33,6,12,1,0
2022-12-12,45.65,3091.0,41.3,437.2,86.7,2.33,0,12,0,0
2022-12-13,43.69,3203.0,29.1,28.7,57.5,3.16,1,12,0,0
2022-12-14,44.67,3139.0,40.4,0.0,0.0,2.67,2,12,0,0
2022-12-15,52.48,3264.0,14.5,138.2,0.0,2.77,3,12,0,0
2022-12-16,62.69,3274.0,32.9,0.0,37.3,2.85,4,12,0,0
2022-12-17,49.64,2989.0,29.6,199.7,21.2,2.71,5,12,1,0
2022-12-18,53.55,2809.0,38.4,297.5,42.6,3.06,6,12,1,0
2022-12-19,51.66,2993.0,34.4,195.6,0.0,2.83,0,12,0,0
2022-12-20,41.61,2860.0,30.8,163.9,40.0,2.1,1,12,0,0
2022-12-21,54.32,3229.0,11.8,271.3,5.1,1.84,2,12,0,0
2022-12-22,57.94,3056.0,12.5,108.2,46.1,2.85,3,12,0,0
2022-12-23,62.84,3109.0,18.1,177.3,26.1,3.15,4,12,0,0
2022-12-24,51.65,2666.0,19.2,119.0,6.0,2.6,5,12,1,0
2022-12-25,41.49,2984.0,18.7,134.4,0.0,2.22,6,12,1,0
2022-12-26,57.34,3117.0,45.3,222.6,0.0,2.46,0,12,0,0
2022-12-27,51.61,3345.0,29.4,419.1,80.1,3.08,1,12,0,0
2022-12-28,58.14,3197.0,22.9,400.0,45.6,2.42,2,12,0,0
2022-12-29,42.32,3328.0,34.6,388.5,0.0,2.24,3,12,0,0
2022-12-30,49.53,3129.0,44.5,326.5,0.0,2.53,4,12,0,0
2022-12-31,48.85,2935.0,18.5,255.0,17.6,2.18,5,12,1,0
2023-01-01,35.35,2874.0,18.6,390.3,62.2,2.54,6,1,1,0
2023-01-02,81.96,2947.0,28.6,172.3,43.2,3.74,0,1,0,1
2023-01-03,56.66,2988.0,16.2,478.7,7.2,2.72,1,1,0,0
2023-01-04,59.59,2893.0,17.5,238.5,37.7,2.22,2,1,0,0
2023-01-05,47.21,3117.0,21.8,130.8,6.7,2.5,3,1,0,0
2023-01-06,61.3,3011.0,14.2,126.2,65.2,2.66,4,1,0,0
2023-01-07,44.77,2877.0,27.8,311.9,73.5,2.77,5,1,1,0
2023-01-08,45.39,2832.0,39.5,216.3,17.2,2.39,6,1,1,0
2023-01-09,42.07,2802.0,17.6,449.9,63.6,3.07,0,1,0,0
2023-01-10,43.48,3120.0,37.4,358.2,26.5,2.62,1,1,0,0
2023-01-11,56.15,2936.0,18.7,457.0,38.9,2.94,2,1,0,0
2023-01-12,46.86,3117.0,19.3,517.5,21.2,2.67,3,1,0,0
2023-01-13,49.38,3001.0,33.2,345.0,21.9,3.06,4,1,0,0
2023-01-14,45.11,2832.0,11.0,233.6,63.5,2.93,5,1,1,0
2023-01-15,35.07,2885.0,22.4,260.1,18.6,2.76,6,1,1,0
2023-01-16,36.92,2908.0,13.9,190.8,34.9,2.11,0,1,0,0
2023-01-17,71.98,3004.0,20.3,82.0,0.0,3.12,1,1,0,1
2023-01-18,54.49,3375.0,24.9,287.6,24.8,2.65,2,1,0,0
2023-01-19,46.18,2825.0,28.6,382.2,29.2,3.44,3,1,0,0
2023-01-20,51.5,3004.0,17.9,346.1,43.1,2.01,4,1,0,0
2023-01-21,43.08,2853.0,19.7,304.4,32.2,2.54,5,1,1,0
2023-01-22,45.05,2724.0,14.6,253.3,43.2,3.42,6,1,1,0
2023-01-23,60.64,3024.0,31.9,352.4,22.2,2.88,0,1,0,0
2023-01-24,54.21,2928.0,31.7,296.0,9.1,3.64,1,1,0,0
2023-01-25,43.64,3109.0,31.6,195.3,41.7,2.8,2,1,0,0
2023-01-26,48.54,3151.0,23.1,279.1,33.6,3.86,3,1,0,0
2023-01-27,61.63,3210.0,28.0,198.4,48.2,3.25,4,1,0,0
2023-01-28,54.14,2618.0,18.9,230.4,36.7,2.69,5,1,1,0
2023-01-29,38.43,2556.0,23.8,25.3,0.0,2.93,6,1,1,0
2023-01-30,45.91,2905.0,31.4,358.9,38.1,2.01,0,1,0,0
2023-01-31,49.9,2772.0,32.2,154.6,60.4,2.85,1,1,0,0
2023-02-01,52.82,3174.0,5.5,248.0,35.3,2.93,2,2,0,0
2023-02-02,54.06,3129.0,28.6,268.0,47.3,3.4,3,2,0,0
2023-02-03,55.29,3269.0,13.2,400.6,26.2,2.97,4,2,0,0
2023-02-04,54.67,2750.0,20.5,256.5,23.0,2.84,5,2,1,0
2023-02-05,51.89,2754.0,35.5,364.8,48.1,3.0,6,2,1,0
2023-02-06,50.04,2959.0,38.2,273.5,54.7,2.53,0,2,0,0
2023-02-07,50.7,3262.0,25.5,448.7,84.0,3.05,1,2,0,0
2023-02-08,52.48,3008.0,35.9,284.5,55.3,2.47,2,2,0,0
2023-02-09,50.76,3122.0,38.8,313.2,51.3,2.58,3,2,0,0
2023-02-10,54.98,3181.0,29.8,232.9,75.8,3.05,4,2,0,0
2023-02-11,52.76,2787.0,32.5,442.7,22.4,2.88,5,2,1,0
2023-02-12,48.42,2768.0,27.0,519.6,16.2,2.22,6,2,1,0
2023-02-13,49.0,3230.0,29.0,341.5,38.3,2.68,0,2,0,0
2023-02-14,56.32,2894.0,17.8,247.2,66.7,2.5,1,2,0,0
2023-02-15,52.83,3068.0,40.3,554.3,49.9,3.1,2,2,0,0
2023-02-16,46.9,2820.0,40.6,425.0,58.1,2.34,3,2,0,0
2023-02-17,49.91,3180.0,36.3,424.7,25.7,3.39,4,2,0,0
2023-02-18,42.4,2733.0,22.7,357.2,50.4,2.44,5,2,1,0
2023-02-19,53.44,3090.0,23.1,94.9,17.5,3.27,6,2,1,0
2023-02-20,44.93,2991.0,37.5,437.2,95.0,2.44,0,2,0,0
2023-02-21,65.06,3287.0,32.9,262.7,48.3,2.8,1,2,0,0
2023-02-22,62.11,3409.0,34.6,371.3,15.4,2.77,2,2,0,0
2023-02-23,54.55,2922.0,49.6,316.6,13.7,3.23,3,2,0,0
2023-02-24,46.54,2966.0,12.9,319.1,72.8,4.24,4,2,0,0
2023-02-25,50.16,2775.0,20.3,551.5,64.9,2.96,5,2,1,0
2023-02-26,57.39,3190.0,31.1,377.5,31.0,2.37,6,2,1,0
2023-02-27,55.54,3153.0,37.5,307.7,52.2,2.59,0,2,0,0
2023-02-28,57.53,3168.0,23.2,361.1,36.1,2.86,1,2,0,0
2023-03-01,67.22,3031.0,30.2,349.3,67.7,2.99,2,3,0,0
2023-03-02,57.21,3262.0,46.1,370.0,80.2,2.88,3,3,0,0
2023-03-03,49.41,2912.0,51.1,434.5,63.4,2.94,4,3,0,0
2023-03-04,52.08,2792.0,39.3,298.4,85.7,2.81,5,3,1,0
2023-03-05,46.12,2879.0,30.5,266.9,72.6,2.66,6,3,1,0
2023-03-06,57.22,3182.0,41.4,350.8,96.4,3.8,0,3,0,0
2023-03-07,47.32,3225.0,38.8,469.0,53.2,2.53,1,3,0,0
2023-03-08,41.45,3077.0,50.4,388.5,50.0,2.55,2,3,0,0
2023-03-09,58.15,3117.0,29.8,463.6,62.8,3.23,3,3,0,0
2023-03-10,62.91,3043.0,36.3,210.1,53.5,3.26,4,3,0,0
2023-03-11,54.19,2857.0,43.0,304.3,56.9,2.8,5,3,1,0
2023-03-12,53.33,2883.0,30.5,377.5,70.7,3.38,6,3,1,0
2023-03-13,48.22,3131.0,41.3,585.3,82.3,3.91,0,3,0,0
2023-03-14,53.59,3057.0,26.9,234.7,21.3,2.21,1,3,0,0
2023-03-15,59.26,2963.0,49.3,454.6,48.3,2.36,2,3,0,0
2023-03-16,52.78,3214.0,48.5,442.2,112.5,2.14,3,3,0,0
2023-03-17,53.31,3382.0,27.0,283.8,81.7,2.47,4,3,0,0
2023-03-18,53.97,2821.0,27.0,276.5,43.1,3.27,5,3,1,0
2023-03-19,49.15,2954.0,41.0,416.9,75.8,3.23,6,3,1,0
2023-03-20,59.03,3049.0,36.7,497.6,73.4,2.9,0,3,0,0
2023-03-21,57.89,2949.0,39.5,296.1,109.6,2.65,1,3,0,0
2023-03-22,51.85,2938.0,39.0,235.6,71.0,2.35,2,3,0,0
2023-03-23,55.18,2941.0,36.4,299.4,90.4,2.57,3,3,0,0
2023-03-24,53.71,2943.0,45.9,434.1,109.2,2.49,4,3,0,0
2023-03-25,51.68,2789.0,31.5,408.4,83.9,2.92,5,3,1,0
2023-03-26,46.45,2627.0,36.8,353.9,92.8,3.09,6,3,1,0
2023-03-27,51.62,3179.0,37.6,389.7,71.2,3.01,0,3,0,0
2023-03-28,57.39,3078.0,39.9,203.6,119.2,3.1,1,3,0,0
2023-03-29,50.73,3020.0,49.2,446.5,118.2,2.95,2,3,0,0
2023-03-30,56.71,3245.0,36.6,222.0,97.1,2.99,3,3,0,0
2023-03-31,54.07,3026.0,45.3,427.5,59.4,2.4,4,3,0,0
2023-04-01,50.8,2618.0,54.8,204.6,67.2,2.79,5,4,1,0
2023-04-02,54.67,2810.0,56.0,414.0,87.7,2.97,6,4,1,0
2023-04-03,65.42,3175.0,37.5,263.6,96.3,2.55,0,4,0,0
2023-04-04,62.54,3442.0,53.8,288.2,99.3,3.21,1,4,0,0
2023-04-05,51.85,2887.0,60.5,372.8,92.5,2.67,2,4,0,0
2023-04-06,60.56,3213.0,59.6,649.1,111.6,3.2,3,4,0,0
2023-04-07,58.17,3255.0,54.1,452.5,50.8,2.85,4,4,0,0
2023-04-08,53.76,3016.0,55.6,561.1,79.1,3.29,5,4,1,0
2023-04-09,48.32,3033.0,39.0,507.5,67.8,3.43,6,4,1,0
2023-04-10,68.16,3201.0,38.2,319.3,94.5,2.17,0,4,0,0
2023-04-11,55.9,3145.0,53.4,501.5,73.2,3.01,1,4,0,0
2023-04-12,68.75,3120.0,42.0,216.5,127.6,2.48,2,4,0,0
2023-04-13,68.74,3001.0,27.4,242.9,124.9,2.81,3,4,0,0
2023-04-14,52.32,3231.0,53.7,416.1,144.5,2.08,4,4,0,0
2023-04-15,53.75,2705.0,38.2,198.7,96.9,2.94,5,4,1,0
2023-04-16,67.09,2954.0,49.2,548.6,47.4,2.71,6,4,1,0
2023-04-17,59.66,3080.0,46.4,469.0,52.7,2.6,0,4,0,0
2023-04-18,52.07,3206.0,34.7,576.9,114.9,3.1,1,4,0,0
2023-04-19,47.02,3416.0,40.8,345.4,99.7,2.93,2,4,0,0
2023-04-20,66.08,3274.0,43.6,540.3,120.0,2.78,3,4,0,0
2023-04-21,101.15,2999.0,62.2,337.5,91.8,2.92,4,4,0,1
2023-04-22,64.32,2893.0,54.5,382.5,171.5,2.44,5,4,1,0
2023-04-23,51.97,2872.0,48.8,623.7,46.5,2.53,6,4,1,0
2023-04-24,62.3,3098.0,48.9,593.5,88.4,2.09,0,4,0,0
2023-04-25,61.13,3357.0,46.2,596.2,120.0,2.72,1,4,0,0
2023-04-26,51.86,2811.0,43.6,435.1,104.1,3.44,2,4,0,0
2023-04-27,50.96,3030.0,43.5,433.0,67.9,2.78,3,4,0,0
2023-04-28,52.75,3376.0,42.1,383.3,149.8,2.9,4,4,0,0
2023-04-29,59.67,3067.0,41.8,342.3,97.9,3.14,5,4,1,0
2023-04-30,59.08,2784.0,37.6,467.3,117.7,2.6,6,4,1,0
2023-05-01,55.67,3081.0,54.0,224.7,120.3,3.44,0,5,0,0
2023-05-02,45.22,3023.0,46.3,413.0,91.4,3.29,1,5,0,0
2023-05-03,58.37,2980.0,64.1,528.6,122.4,3.13,2,5,0,0
2023-05-04,49.7,2947.0,70.8,544.8,75.5,2.83,3,5,0,0
2023-05-05,52.08,2969.0,64.7,360.0,111.2,2.28,4,5,0,0
2023-05-06,54.62,2432.0,49.6,341.0,87.4,2.63,5,5,1,0
2023-05-07,48.95,2684.0,70.1,227.2,155.6,3.14,6,5,1,0
2023-05-08,45.18,3313.0,65.3,469.5,118.8,2.68,0,5,0,0
2023-05-09,56.4,3304.0,62.0,358.5,114.6,3.01,1,5,0,0
2023-05-10,53.06,2838.0,58.5,645.7,116.6,2.62,2,5,0,0
2023-05-11,61.3,3200.0,53.7,377.4,64.9,2.54,3,5,0,0
2023-05-12,55.2,2948.0,67.6,418.7,126.6,3.26,4,5,0,0
2023-05-13,48.11,2745.0,59.7,457.3,69.8,2.58,5,5,1,0
2023-05-14,52.25,3060.0,72.4,362.6,121.2,2.42,6,5,1,0
2023-05-15,40.46,3234.0,59.1,503.0,86.9,2.92,0,5,0,0
2023-05-16,46.83,3127.0,67.2,405.8,151.4,2.27,1,5,0,0
2023-05-17,58.68,3009.0,57.8,600.9,104.0,2.58,2,5,0,0
2023-05-18,64.38,3252.0,64.9,390.5,106.0,3.0,3,5,0,0
2023-05-19,49.25,3267.0,65.3,579.6,105.2,2.65,4,5,0,0
2023-05-20,56.03,2725.0,62.7,375.0,159.1,2.75,5,5,1,0
2023-05-21,51.79,2848.0,70.0,252.0,81.6,3.57,6,5,1,0
2023-05-22,46.33,2871.0,63.0,373.9,87.2,3.46,0,5,0,0
2023-05-23,51.76,3286.0,68.6,298.8,109.0,2.94,1,5,0,0
2023-05-24,54.8,3382.0,68.4,654.3,64.3,2.77,2,5,0,0
2023-05-25,60.19,3282.0,57.5,349.6,126.4,1.5,3,5,0,0
2023-05-26,53.09,3056.0,57.1,297.3,106.7,2.9,4,5,0,0
2023-05-27,44.78,2619.0,56.8,480.2,86.1,2.9,5,5,1,0
2023-05-28,60.79,2913.0,77.1,516.4,99.7,2.31,6,5,1,0
2023-05-29,57.59,3086.0,71.0,425.6,82.7,2.43,0,5,0,0
2023-05-30,58.4,3125.0,58.8,486.6,83.2,3.35,1,5,0,0
2023-05-31,55.67,3110.0,59.0,616.1,46.1,2.31,2,5,0,0
2023-06-01,39.63,2844.0,81.1,297.6,101.6,2.92,3,6,0,0
2023-06-02,59.32,2725.0,70.8,394.2,130.1,3.48,4,6,0,0
2023-06-03,42.69,2486.0,69.8,426.3,79.6,3.03,5,6,1,0
2023-06-04,50.72,2592.0,71.4,439.5,161.4,2.54,6,6,1,0
2023-06-05,50.59,3104.0,63.6,503.9,76.5,3.41,0,6,0,0
2023-06-06,52.62,2985.0,77.2,486.1,50.2,2.96,1,6,0,0
2023-06-07,47.11,2764.0,74.4,491.6,113.7,2.11,2,6,0,0
2023-06-08,48.96,2840.0,58.7,460.2,118.9,2.85,3,6,0,0
2023-06-09,50.7,3089.0,70.2,528.3,96.1,2.4,4,6,0,0
2023-06-10,39.05,2702.0,81.3,572.5,138.8,2.38,5,6,1,0
2023-06-11,44.39,2412.0,73.1,325.7,65.3,2.85,6,6,1,0
2023-06-12,54.37,2658.0,62.1,482.2,127.6,2.51,0,6,0,0
2023-06-13,58.43,2891.0,67.9,571.8,109.8,2.77,1,6,0,0
2023-06-14,58.82,3035.0,73.6,459.6,107.3,3.19,2,6,0,0
2023-06-15,61.91,2863.0,78.1,724.9,56.5,3.24,3,6,0,0
2023-06-16,41.1,2900.0,61.4,311.0,91.3,2.69,4,6,0,0
2023-06-17,57.4,2703.0,63.2,573.2,129.9,2.86,5,6,1,0
2023-06-18,34.67,2753.0,78.4,376.0,68.8,2.78,6,6,1,0
2023-06-19,45.18,3049.0,73.8,480.4,90.9,2.38,0,6,0,0
2023-06-20,104.55,3015.0,64.3,390.0,91.4,2.75,1,6,0,1
2023-06-21,55.07,2936.0,82.8,402.1,139.4,3.36,2,6,0,0
2023-06-22,103.68,2886.0,67.1,323.9,138.9,2.37,3,6,0,1
2023-06-23,40.34,2945.0,59.3,518.1,87.7,3.28,4,6,0,0
2023-06-24,52.93,2720.0,65.2,526.0,99.8,2.42,5,6,1,0
2023-06-25,53.02,2717.0,89.1,511.7,139.3,2.99,6,6,1,0
2023-06-26,48.59,2972.0,73.7,691.6,96.2,2.18,0,6,0,0
2023-06-27,43.43,2896.0,57.6,357.8,114.7,2.97,1,6,0,0
2023-06-28,46.55,3005.0,65.2,229.4,116.7,2.83,2,6,0,0
2023-06-29,51.47,2983.0,79.8,531.1,102.8,3.23,3,6,0,0
2023-06-30,54.69,2877.0,67.6,139.0,88.1,2.46,4,6,0,0
2023-07-01,50.06,2492.0,69.0,473.7,164.0,2.27,5,7,1,0
2023-07-02,52.25,2289.0,63.5,232.7,72.3,2.75,6,7,1,0
2023-07-03,51.32,2985.0,73.2,459.8,114.7,2.9,0,7,0,0
2023-07-04,50.2,2879.0,70.4,414.1,47.2,3.22,1,7,0,0
2023-07-05,51.85,2618.0,78.8,426.8,137.3,3.15,2,7,0,0
2023-07-06,46.53,2676.0,66.9,361.1,104.1,3.06,3,7,0,0
2023-07-07,42.79,2669.0,84.5,283.5,77.5,3.04,4,7,0,0
2023-07-08,38.06,2452.0,78.0,378.2,111.8,2.52,5,7,1,0
2023-07-09,47.25,2401.0,88.3,567.1,100.9,3.37,6,7,1,0
2023-07-10,45.18,2784.0,80.6,502.3,105.4,2.56,0,7,0,0
2023-07-11,47.02,2675.0,71.9,312.8,82.1,3.22,1,7,0,0
2023-07-12,42.43,2924.0,92.8,457.9,113.4,2.08,2,7,0,0
2023-07-13,48.58,2873.0,64.9,339.5,71.4,2.82,3,7,0,0
2023-07-14,43.55,2943.0,80.1,446.2,136.7,1.81,4,7,0,0
2023-07-15,35.48,2224.0,91.9,657.0,48.0,2.81,5,7,1,0
2023-07-16,32.75,2743.0,84.7,518.8,106.4,2.79,6,7,1,0
2023-07-17,40.8,2393.0,73.2,539.5,105.8,3.03,0,7,0,0
2023-07-18,46.09,2804.0,98.7,532.9,184.0,3.05,1,7,0,0
2023-07-19,50.85,2769.0,72.9,548.4,83.2,2.8,2,7,0,0
2023-07-20,53.29,2561.0,71.5,439.3,88.4,3.49,3,7,0,0
2023-07-21,38.97,2450.0,85.0,260.0,124.8,2.73,4,7,0,0
2023-07-22,37.82,2599.0,75.8,708.8,130.4,3.27,5,7,1,0
2023-07-23,50.46,2658.0,76.1,444.7,118.6,3.01,6,7,1,0
2023-07-24,50.99,2628.0,65.9,406.8,107.8,3.24,0,7,0,0
2023-07-25,46.62,2529.0,66.8,419.7,55.7,3.36,1,7,0,0
2023-07-26,39.52,2684.0,85.9,510.3,129.3,2.57,2,7,0,0
2023-07-27,41.27,2894.0,79.7,495.1,70.1,2.79,3,7,0,0
2023-07-28,41.98,3034.0,70.7,475.9,87.9,2.57,4,7,0,0
2023-07-29,39.59,2522.0,82.1,446.6,105.4,3.11,5,7,1,0
2023-07-30,55.43,2548.0,68.9,398.5,134.1,3.28,6,7,1,0
2023-07-31,41.56,2949.0,73.2,291.6,96.4,2.5,0,7,0,0
2023-08-01,48.37,2890.0,73.7,389.5,160.9,2.79,1,8,0,0
2023-08-02,26.92,2911.0,75.4,327.6,27.2,2.87,2,8,0,0
2023-08-03,58.34,2949.0,64.3,314.2,54.6,2.76,3,8,0,0
2023-08-04,44.34,2930.0,72.5,351.7,75.9,2.83,4,8,0,0
2023-08-05,43.1,2312.0,76.8,241.7,68.6,2.7,5,8,1,0
2023-08-06,50.51,2256.0,73.9,538.2,96.4,2.97,6,8,1,0
2023-08-07,107.64,3062.0,79.1,322.6,72.4,2.6,0,8,0,1
2023-08-08,49.16,2904.0,72.1,236.9,92.3,3.27,1,8,0,0
2023-08-09,48.78,2898.0,86.4,236.3,87.7,2.51,2,8,0,0
2023-08-10,50.54,2982.0,76.1,496.5,77.6,2.42,3,8,0,0
2023-08-11,55.55,3111.0,64.1,488.3,55.9,3.0,4,8,0,0
2023-08-12,33.65,2701.0,56.2,236.1,78.9,2.88,5,8,1,0
2023-08-13,41.65,2721.0,72.2,705.7,30.6,2.31,6,8,1,0
2023-08-14,52.32,2570.0,74.7,491.7,51.0,2.93,0,8,0,0
2023-08-15,125.78,2999.0,75.2,518.9,145.1,2.67,1,8,0,1
2023-08-16,102.03,3048.0,70.2,288.6,74.8,2.81,2,8,0,1
2023-08-17,51.48,2835.0,73.1,350.3,130.4,2.92,3,8,0,0
2023-08-18,46.02,2793.0,66.8,496.3,108.2,2.53,4,8,0,0
2023-08-19,35.03,2666.0,62.3,357.0,113.8,2.6,5,8,1,0
2023-08-20,47.11,2536.0,66.6,263.4,72.6,3.09,6,8,1,0
2023-08-21,51.9,2920.0,76.9,471.9,50.4,3.03,0,8,0,0
2023-08-22,60.59,2980.0,59.4,587.1,68.7,2.85,1,8,0,0
2023-08-23,56.46,3059.0,60.6,310.8,114.1,2.59,2,8,0,0
2023-08-24,40.41,3107.0,78.4,461.1,95.0,3.09,3,8,0,0
2023-08-25,59.57,3064.0,88.1,515.8,74.9,3.59,4,8,0,0
2023-08-26,52.36,2437.0,73.2,537.3,19.3,3.3,5,8,1,0
2023-08-27,48.74,2531.0,71.0,493.1,110.3,3.11,6,8,1,0
2023-08-28,52.66,3100.0,58.9,490.9,121.7,2.9,0,8,0,0
2023-08-29,44.02,2912.0,71.8,530.1,76.1,3.06,1,8,0,0
2023-08-30,52.51,2666.0,71.8,350.0,131.1,3.27,2,8,0,0
2023-08-31,45.39,2737.0,57.1,202.8,87.1,2.05,3,8,0,0
2023-09-01,58.45,3096.0,60.8,405.6,85.6,3.64,4,9,0,0
2023-09-02,55.71,2547.0,69.5,457.0,82.7,2.73,5,9,1,0
2023-09-03,50.24,2892.0,59.0,429.6,40.6,2.63,6,9,1,0
2023-09-04,58.02,3218.0,57.6,353.7,75.2,2.81,0,9,0,0
2023-09-05,59.29,3217.0,75.8,299.9,100.3,2.95,1,9,0,0
2023-09-06,54.62,3033.0,70.3,381.8,66.1,2.94,2,9,0,0
2023-09-07,54.18,3304.0,63.5,536.3,54.3,2.39,3,9,0,0
2023-09-08,51.75,3304.0,48.6,343.8,97.9,2.36,4,9,0,0
2023-09-09,53.37,2734.0,46.2,506.1,91.7,3.05,5,9,1,0
2023-09-10,46.24,2511.0,65.0,418.0,121.3,3.62,6,9,1,0
2023-09-11,57.2,2854.0,71.4,490.7,85.9,3.11,0,9,0,0
2023-09-12,61.78,3082.0,66.9,329.1,141.4,2.19,1,9,0,0
2023-09-13,58.53,2938.0,64.7,27.4,52.0,3.14,2,9,0,0
2023-09-14,58.47,3265.0,71.1,193.8,50.3,3.02,3,9,0,0
2023-09-15,47.91,3121.0,60.9,411.1,69.4,2.38,4,9,0,0
2023-09-16,37.44,2873.0,59.3,275.1,56.2,2.19,5,9,1,0
2023-09-17,60.05,3047.0,80.5,487.7,58.1,2.78,6,9,1,0
2023-09-18,55.78,3097.0,56.7,223.9,145.7,2.63,0,9,0,0
2023-09-19,44.51,3086.0,63.7,503.4,70.6,2.24,1,9,0,0
2023-09-20,53.66,3261.0,53.4,311.2,83.1,2.32,2,9,0,0
2023-09-21,57.14,2866.0,72.5,554.8,54.7,2.88,3,9,0,0
2023-09-22,55.99,3282.0,43.8,435.4,95.9,2.04,4,9,0,0
2023-09-23,72.57,2837.0,49.4,308.5,46.8,2.58,5,9,1,0
2023-09-24,50.01,2859.0,50.5,489.2,63.1,3.09,6,9,1,0
2023-09-25,117.31,3106.0,60.0,164.1,51.9,2.4,0,9,0,1
2023-09-26,51.87,3274.0,67.7,394.8,88.6,2.48,1,9,0,0
2023-09-27,48.88,2971.0,59.7,527.7,40.0,2.57,2,9,0,0
2023-09-28,56.25,3313.0,61.8,378.1,90.5,2.59,3,9,0,0
2023-09-29,45.59,3230.0,73.0,356.5,82.8,2.37,4,9,0,0
2023-09-30,66.58,2713.0,82.3,218.4,128.1,3.2,5,9,1,0
2023-10-01,54.32,2846.0,44.6,397.6,33.6,2.55,6,10,1,0
2023-10-02,57.44,3438.0,48.0,412.9,23.6,2.73,0,10,0,0
2023-10-03,61.72,3218.0,48.6,601.5,10.5,2.29,1,10,0,0
2023-10-04,58.79,3200.0,43.7,291.6,14.0,2.5,2,10,0,0
2023-10-05,49.33,3214.0,61.2,200.8,59.0,2.2,3,10,0,0
2023-10-06,64.26,3043.0,49.4,422.2,7.0,2.32,4,10,0,0
2023-10-07,51.99,3015.0,37.9,98.5,4.2,2.54,5,10,1,0
2023-10-08,61.58,2744.0,70.9,348.3,66.0,2.93,6,10,1,0
2023-10-09,57.69,3051.0,48.7,308.8,31.0,2.49,0,10,0,0
2023-10-10,71.07,3068.0,49.7,483.8,107.0,3.09,1,10,0,0
2023-10-11,63.65,3424.0,54.4,425.0,32.5,3.12,2,10,0,0
2023-10-12,54.66,3240.0,38.8,405.4,56.0,2.72,3,10,0,0
2023-10-13,45.36,3292.0,53.0,257.7,41.1,3.43,4,10,0,0
2023-10-14,56.28,2822.0,55.1,262.8,86.4,2.75,5,10,1,0
2023-10-15,58.8,2707.0,57.8,546.8,46.4,3.06,6,10,1,0
2023-10-16,65.82,3017.0,63.9,380.6,41.6,2.73,0,10,0,0
2023-10-17,66.62,3080.0,50.3,279.4,16.6,2.71,1,10,0,0
2023-10-18,59.76,3231.0,46.1,94.2,30.8,2.87,2,10,0,0
2023-10-19,54.41,3335.0,44.9,537.5,0.0,2.72,3,10,0,0
2023-10-20,61.21,3345.0,56.3,238.2,83.3,1.92,4,10,0,0
2023-10-21,50.71,2762.0,63.8,434.0,27.2,2.43,5,10,1,0
2023-10-22,61.3,3083.0,46.5,333.4,53.1,2.73,6,10,1,0
2023-10-23,60.81,3047.0,52.9,256.8,105.0,1.67,0,10,0,0
2023-10-24,59.43,3082.0,43.6,327.3,67.9,3.44,1,10,0,0
2023-10-25,54.04,3220.0,57.3,234.0,27.9,2.83,2,10,0,0
2023-10-26,51.6,3093.0,49.5,98.0,22.6,2.49,3,10,0,0
2023-10-27,64.24,3076.0,44.2,214.3,50.8,2.25,4,10,0,0
2023-10-28,50.43,2925.0,57.6,217.1,6.5,2.69,5,10,1,0
2023-10-29,46.72,3090.0,53.5,277.0,70.9,2.08,6,10,1,0
2023-10-30,65.31,3206.0,37.9,359.6,86.9,2.28,0,10,0,0
2023-10-31,105.2,3384.0,56.1,253.7,36.7,3.19,1,10,0,1
2023-11-01,62.32,2962.0,33.7,183.6,0.0,2.61,2,11,0,0
2023-11-02,78.64,3080.0,13.5,349.4,54.8,2.4,3,11,0,1
2023-11-03,60.75,2965.0,31.2,320.3,34.9,3.27,4,11,0,0
2023-11-04,52.63,2566.0,46.0,208.2,34.6,3.16,5,11,1,0
2023-11-05,44.94,2472.0,29.2,386.1,0.0,2.79,6,11,1,0
2023-11-06,53.02,3210.0,48.4,297.1,0.0,2.57,0,11,0,0
2023-11-07,47.65,3255.0,35.6,315.5,71.6,2.64,1,11,0,0
2023-11-08,58.86,2943.0,37.6,154.3,24.9,2.97,2,11,0,0
2023-11-09,60.06,3564.0,37.3,337.1,47.9,2.33,3,11,0,0
2023-11-10,54.29,3141.0,45.5,231.3,69.5,2.89,4,11,0,0
2023-11-11,49.15,2707.0,22.7,426.9,49.1,2.13,5,11,1,0
2023-11-12,49.43,3080.0,28.8,236.1,111.8,3.87,6,11,1,0
2023-11-13,62.51,2960.0,18.6,141.0,16.9,2.96,0,11,0,0
2023-11-14,61.09,2989.0,38.6,250.8,3.2,2.67,1,11,0,0
2023-11-15,51.38,3012.0,54.0,272.6,33.8,2.82,2,11,0,0
2023-11-16,49.05,3100.0,42.5,120.6,0.3,3.15,3,11,0,0
2023-11-17,55.79,3002.0,34.4,300.7,79.3,2.7,4,11,0,0
2023-11-18,49.21,2655.0,54.3,446.3,29.9,2.84,5,11,1,0
2023-11-19,47.73,2932.0,35.5,405.8,36.0,2.37,6,11,1,0
2023-11-20,65.34,3019.0,27.0,0.0,71.9,3.51,0,11,0,0
2023-11-21,62.95,2924.0,42.2,286.8,46.6,2.83,1,11,0,0
2023-11-22,58.4,3314.0,41.8,284.2,71.4,3.2,2,11,0,0
2023-11-23,51.01,3235.0,48.0,252.1,9.3,3.14,3,11,0,0
2023-11-24,61.89,3546.0,30.3,238.7,15.0,2.56,4,11,0,0
2023-11-25,59.25,3001.0,38.2,246.5,18.8,2.76,5,11,1,0
2023-11-26,56.19,2860.0,36.0,321.6,22.1,2.84,6,11,1,0
2023-11-27,54.06,3171.0,32.4,51.7,1.5,2.59,0,11,0,0
2023-11-28,52.73,3110.0,35.6,205.6,43.4,2.46,1,11,0,0
2023-11-29,110.75,2903.0,43.0,313.8,39.6,2.99,2,11,0,1
2023-11-30,56.04,3247.0,24.2,113.4,55.5,2.8,3,11,0,0
2023-12-01,52.25,3279.0,24.9,412.7,44.0,3.42,4,12,0,0
2023-12-02,62.33,2830.0,28.0,381.7,0.0,3.18,5,12,1,0
2023-12-03,55.79,2496.0,35.0,409.5,21.7,2.62,6,12,1,0
2023-12-04,49.59,3196.0,33.4,449.8,11.9,2.77,0,12,0,0
2023-12-05,61.5,3038.0,32.4,442.6,35.4,2.5,1,12,0,0
2023-12-06,59.67,2960.0,17.1,150.6,34.4,3.31,2,12,0,0
2023-12-07,56.13,3215.0,16.9,295.0,40.4,2.28,3,12,0,0
2023-12-08,39.7,2989.0,26.7,317.2,62.1,3.05,4,12,0,0
2023-12-09,52.04,3044.0,24.7,168.2,23.5,3.54,5,12,1,0
2023-12-10,53.98,2520.0,28.5,201.6,0.0,3.0,6,12,1,0
2023-12-11,62.81,3260.0,22.6,375.6,37.9,3.06,0,12,0,0
2023-12-12,53.19,3176.0,32.6,402.6,0.0,2.82,1,12,0,0
2023-12-13,53.72,2973.0,48.6,119.6,29.7,3.04,2,12,0,0
2023-12-14,53.23,3309.0,37.6,137.4,45.5,3.11,3,12,0,0
2023-12-15,58.64,3207.0,39.1,156.9,0.0,3.04,4,12,0,0
2023-12-16,56.04,2517.0,33.6,307.2,0.0,2.95,5,12,1,0
2023-12-17,44.52,2843.0,42.8,354.3,45.8,2.55,6,12,1,0
2023-12-18,53.13,2873.0,18.9,391.4,32.6,2.77,0,12,0,0
2023-12-19,58.44,3095.0,26.4,277.5,11.8,2.49,1,12,0,0
2023-12-20,62.64,3228.0,31.6,229.5,12.5,3.5,2,12,0,0
2023-12-21,58.36,3341.0,24.2,248.7,0.0,2.74,3,12,0,0
2023-12-22,58.97,3089.0,39.9,322.6,32.2,3.53,4,12,0,0
2023-12-23,67.42,2945.0,17.6,293.0,29.1,3.07,5,12,1,1
2023-12-24,52.49,2825.0,36.8,161.2,29.7,2.09,6,12,1,0
2023-12-25,51.83,3441.0,26.0,146.2,29.6,3.24,0,12,0,0
2023-12-26,55.77,3201.0,36.9,0.0,16.4,2.73,1,12,0,0
2023-12-27,63.26,3142.0,30.5,137.3,15.3,2.45,2,12,0,0
2023-12-28,58.22,3183.0,26.3,173.2,30.0,3.53,3,12,0,0
2023-12-29,43.18,3177.0,38.8,141.5,14.3,2.37,4,12,0,0
2023-12-30,101.71,2961.0,26.8,0.0,0.0,3.38,5,12,1,1
2023-12-31,51.67,2541.0,26.3,546.0,0.0,2.58,6,12,1,0
2024-01-01,56.99,2694.0,33.8,436.4,113.8,2.93,0,1,0,0
2024-01-02,52.8,2963.0,31.5,121.6,52.6,2.47,1,1,0,0
2024-01-03,61.0,3207.0,26.6,237.9,2.2,3.17,2,1,0,0
2024-01-04,47.78,2975.0,43.7,233.1,58.8,2.98,3,1,0,0
2024-01-05,48.81,2849.0,19.9,240.4,47.5,3.48,4,1,0,0
2024-01-06,50.92,2502.0,-2.4,42.8,0.0,3.16,5,1,1,0
2024-01-07,45.27,2672.0,35.8,240.1,33.5,3.21,6,1,1,0
2024-01-08,56.01,2982.0,15.2,6.9,40.0,3.58,0,1,0,0
2024-01-09,73.74,2875.0,26.1,398.4,33.9,3.53,1,1,0,1
2024-01-10,43.74,2806.0,11.9,293.7,33.8,3.87,2,1,0,0
2024-01-11,47.45,2952.0,25.1,213.5,25.7,3.4,3,1,0,0
2024-01-12,47.55,3116.0,30.7,452.0,57.6,3.2,4,1,0,0
2024-01-13,58.78,2826.0,31.5,0.0,56.6,2.94,5,1,1,0
2024-01-14,52.47,2987.0,29.1,162.5,12.4,3.45,6,1,1,0
2024-01-15,50.33,3337.0,33.0,456.9,0.0,2.71,0,1,0,0
2024-01-16,63.38,3160.0,28.9,257.4,36.1,2.59,1,1,0,0
2024-01-17,53.8,2733.0,34.9,156.0,10.4,2.84,2,1,0,0
2024-01-18,53.13,3073.0,26.8,332.8,54.5,3.11,3,1,0,0
2024-01-19,49.84,2870.0,26.1,32.0,55.0,3.0,4,1,0,0
2024-01-20,50.6,2626.0,28.4,407.8,64.9,3.18,5,1,1,0
2024-01-21,52.98,2622.0,26.0,198.7,54.4,3.47,6,1,1,0
2024-01-22,65.65,2957.0,18.5,324.9,46.8,3.63,0,1,0,0
2024-01-23,59.5,3049.0,10.1,381.3,58.9,3.23,1,1,0,0
2024-01-24,52.21,2903.0,31.4,337.7,18.1,3.34,2,1,0,0
2024-01-25,46.41,3273.0,29.2,232.8,30.0,2.54,3,1,0,0
2024-01-26,62.22,2687.0,35.7,222.1,28.6,2.61,4,1,0,0
2024-01-27,45.91,2838.0,10.8,315.1,0.0,2.48,5,1,1,0
2024-01-28,48.47,2841.0,37.0,189.9,41.8,3.59,6,1,1,0
2024-01-29,74.14,2878.0,19.8,155.7,37.9,3.3,0,1,0,0
2024-01-30,65.25,3182.0,20.4,318.1,61.6,3.73,1,1,0,0
2024-01-31,52.77,3197.0,20.2,29.8,4.2,3.7,2,1,0,0
2024-02-01,47.97,3134.0,30.4,178.0,47.8,2.6,3,2,0,0
2024-02-02,59.93,3238.0,12.9,201.3,50.0,3.16,4,2,0,0
2024-02-03,53.22,2553.0,27.3,464.8,33.0,2.78,5,2,1,0
2024-02-04,43.65,2928.0,29.0,345.2,113.3,2.43,6,2,1,0
2024-02-05,57.55,3293.0,29.8,429.6,35.4,2.63,0,2,0,0
2024-02-06,50.12,3045.0,32.7,557.1,58.2,2.85,1,2,0,0
2024-02-07,51.22,2959.0,38.3,206.5,51.9,2.39,2,2,0,0
2024-02-08,66.02,3228.0,18.8,61.3,71.1,3.52,3,2,0,0
2024-02-09,47.91,3278.0,24.6,216.0,82.8,2.98,4,2,0,0
2024-02-10,43.21,2909.0,25.5,392.5,32.6,2.53,5,2,1,0
2024-02-11,46.0,2844.0,18.6,16.2,120.6,2.73,6,2,1,0
2024-02-12,57.0,3006.0,36.9,346.4,31.9,3.18,0,2,0,0
2024-02-13,56.49,3194.0,33.1,299.8,89.9,3.36,1,2,0,0
2024-02-14,53.62,3076.0,21.5,327.7,74.8,3.44,2,2,0,0
2024-02-15,60.43,3294.0,20.3,430.5,113.3,3.27,3,2,0,0
2024-02-16,65.29,3169.0,22.6,306.3,86.2,3.13,4,2,0,0
2024-02-17,51.91,2828.0,34.4,227.0,78.5,3.48,5,2,1,0
2024-02-18,45.95,2625.0,37.2,321.2,69.5,2.75,6,2,1,0
2024-02-19,61.7,3161.0,29.1,234.1,53.8,3.18,0,2,0,0
2024-02-20,54.94,3264.0,38.2,342.5,47.3,3.53,1,2,0,0
2024-02-21,63.23,3326.0,16.5,296.7,87.4,2.74,2,2,0,0
2024-02-22,56.75,2970.0,26.8,220.4,7.1,2.22,3,2,0,0
2024-02-23,89.87,3206.0,28.4,315.7,0.0,3.42,4,2,0,1
2024-02-24,50.72,2615.0,17.4,278.6,40.8,3.46,5,2,1,0
2024-02-25,58.8,2860.0,21.4,230.2,88.1,2.74,6,2,1,0
2024-02-26,110.22,3087.0,19.6,215.1,61.5,3.0,0,2,0,1
2024-02-27,68.97,3275.0,25.3,299.6,32.1,3.52,1,2,0,0
2024-02-28,57.22,3001.0,18.4,159.1,58.6,2.88,2,2,0,0
2024-02-29,62.67,3147.0,29.8,287.7,101.9,3.4,3,2,0,0
2024-03-01,58.76,3214.0,34.5,357.0,42.1,3.26,4,3,0,0
2024-03-02,54.19,2697.0,52.4,500.8,40.7,2.77,5,3,1,0
2024-03-03,57.14,2925.0,38.8,389.1,71.0,2.78,6,3,1,0
2024-03-04,48.76,3084.0,22.8,380.1,80.8,3.3,0,3,0,0
2024-03-05,60.38,3128.0,26.2,221.3,89.8,3.88,1,3,0,0
2024-03-06,60.48,2902.0,45.1,238.9,105.7,3.49,2,3,0,0
2024-03-07,70.36,3116.0,52.3,236.7,83.8,3.42,3,3,0,0
2024-03-08,48.19,3061.0,34.9,370.7,111.7,3.05,4,3,0,0
2024-03-09,57.76,3061.0,38.5,416.7,82.8,2.78,5,3,1,0
2024-03-10,51.48,2927.0,34.8,296.2,96.6,2.76,6,3,1,0
2024-03-11,57.46,3086.0,46.1,299.1,125.6,3.17,0,3,0,0
2024-03-12,49.52,3267.0,32.8,398.0,82.5,2.74,1,3,0,0
2024-03-13,59.38,3189.0,41.4,332.7,70.2,3.26,2,3,0,0
2024-03-14,62.12,3031.0,41.6,260.3,101.6,2.99,3,3,0,0
2024-03-15,58.75,3051.0,40.3,299.5,88.3,3.11,4,3,0,0
2024-03-16,56.53,2624.0,50.1,170.2,96.9,3.56,5,3,1,0
2024-03-17,124.85,2604.0,44.6,235.4,125.0,2.85,6,3,1,1
2024-03-18,57.12,2826.0,30.5,451.7,113.7,2.73,0,3,0,0
2024-03-19,56.74,3108.0,34.9,415.8,121.5,2.58,1,3,0,0
2024-03-20,57.11,2662.0,36.0,114.2,57.9,3.33,2,3,0,0
2024-03-21,48.9,3196.0,15.1,395.8,134.1,2.54,3,3,0,0
2024-03-22,60.79,2943.0,45.4,513.4,111.5,2.75,4,3,0,0
2024-03-23,62.57,2955.0,40.4,126.4,69.0,2.1,5,3,1,0
2024-03-24,51.44,2672.0,38.7,408.3,104.5,3.53,6,3,1,0
2024-03-25,52.28,3158.0,30.3,324.7,105.6,2.8,0,3,0,0
2024-03-26,53.22,3021.0,38.0,415.0,30.4,3.52,1,3,0,0
2024-03-27,59.27,3029.0,38.4,521.1,62.8,3.62,2,3,0,0
2024-03-28,65.48,3278.0,46.8,347.4,86.4,3.15,3,3,0,0
2024-03-29,58.67,3044.0,60.6,415.8,58.7,2.72,4,3,0,0
2024-03-30,48.15,3078.0,33.5,412.6,107.2,2.17,5,3,1,0
2024-03-31,64.44,2768.0,44.4,455.5,110.2,2.64,6,3,1,0
2024-04-01,68.17,2899.0,39.3,347.4,161.0,2.9,0,4,0,0
2024-04-02,63.6,3066.0,44.1,334.3,142.8,3.31,1,4,0,0
2024-04-03,47.52,3245.0,41.1,398.1,130.7,3.29,2,4,0,0
2024-04-04,49.24,3192.0,53.5,279.4,109.1,3.91,3,4,0,0
2024-04-05,50.64,3072.0,55.4,670.8,101.3,2.59,4,4,0,0
2024-04-06,42.42,2814.0,45.2,481.4,137.9,3.96,5,4,1,0
2024-04-07,59.68,2941.0,48.8,399.3,93.7,2.43,6,4,1,0
2024-04-08,54.06,3358.0,39.8,303.8,76.9,2.65,0,4,0,0
2024-04-09,56.65,3027.0,53.9,519.4,160.8,3.18,1,4,0,0
2024-04-10,56.4,3300.0,52.1,342.2,107.6,2.85,2,4,0,0
2024-04-11,55.0,3309.0,41.8,501.9,128.0,2.69,3,4,0,0
2024-04-12,69.93,3072.0,37.4,454.6,89.3,3.72,4,4,0,0
2024-04-13,58.94,2999.0,50.9,597.3,123.2,3.31,5,4,1,0
2024-04-14,58.75,3358.0,51.9,220.3,111.1,3.47,6,4,1,0
2024-04-15,53.41,2849.0,50.6,536.5,120.3,2.98,0,4,0,0
2024-04-16,54.94,3232.0,49.0,546.0,125.2,3.07,1,4,0,0
2024-04-17,52.82,3176.0,47.9,346.3,132.4,2.88,2,4,0,0
2024-04-18,57.63,3146.0,49.5,482.3,114.0,4.0,3,4,0,0
2024-04-19,58.95,3107.0,52.1,595.9,82.2,2.31,4,4,0,0
2024-04-20,53.71,2696.0,47.7,344.5,145.1,3.97,5,4,1,0
2024-04-21,47.02,2997.0,48.1,340.1,125.5,2.71,6,4,1,0
2024-04-22,64.92,3160.0,50.2,364.5,92.4,2.5,0,4,0,0
2024-04-23,57.95,3023.0,30.9,415.3,79.2,3.38,1,4,0,0
2024-04-24,56.7,3147.0,58.8,503.3,110.5,2.08,2,4,0,0
2024-04-25,63.84,3207.0,48.8,403.4,124.4,3.79,3,4,0,0
2024-04-26,68.79,3022.0,27.9,594.3,80.2,3.07,4,4,0,0
2024-04-27,58.91,2878.0,49.0,452.0,108.0,2.99,5,4,1,0
2024-04-28,63.56,3101.0,50.2,511.9,148.0,3.14,6,4,1,0
2024-04-29,52.26,2882.0,56.4,253.1,153.7,3.0,0,4,0,0
2024-04-30,56.3,3157.0,51.7,312.3,111.0,2.87,1,4,0,0
2024-05-01,119.44,3159.0,58.9,629.9,155.6,3.02,2,5,0,1
2024-05-02,58.93,3126.0,62.5,399.4,166.2,2.56,3,5,0,0
2024-05-03,54.15,3009.0,77.1,287.9,118.0,2.37,4,5,0,0
2024-05-04,40.55,2990.0,54.7,323.1,121.1,2.65,5,5,1,0
2024-05-05,57.16,3092.0,50.1,311.7,143.2,2.71,6,5,1,0
2024-05-06,60.08,3227.0,58.9,559.2,141.8,2.47,0,5,0,0
2024-05-07,64.2,3169.0,56.9,556.0,207.7,2.86,1,5,0,0
2024-05-08,55.45,3073.0,58.2,395.3,159.8,3.2,2,5,0,0
2024-05-09,58.99,3082.0,57.9,234.2,136.3,2.89,3,5,0,0
2024-05-10,48.57,2943.0,52.4,631.9,167.0,2.72,4,5,0,0
2024-05-11,47.92,2809.0,45.9,178.5,196.1,2.58,5,5,1,0
2024-05-12,92.46,2949.0,53.4,521.1,140.7,3.3,6,5,1,1
2024-05-13,61.64,2843.0,63.8,544.0,169.2,3.08,0,5,0,0
2024-05-14,42.72,3185.0,67.0,258.3,117.6,2.92,1,5,0,0
2024-05-15,54.56,3254.0,68.8,529.3,101.1,2.68,2,5,0,0
2024-05-16,52.8,3088.0,68.9,344.7,156.3,3.41,3,5,0,0
2024-05-17,52.65,3119.0,51.8,502.5,135.1,3.23,4,5,0,0
2024-05-18,50.74,2895.0,69.5,375.5,113.1,3.47,5,5,1,0
2024-05-19,55.44,2999.0,54.6,311.0,179.0,2.43,6,5,1,0
2024-05-20,53.3,3079.0,63.9,414.7,162.9,3.05,0,5,0,0
2024-05-21,64.25,3196.0,69.9,605.0,149.6,3.59,1,5,0,0
2024-05-22,51.36,3212.0,66.5,463.4,137.9,2.87,2,5,0,0
2024-05-23,54.54,2930.0,65.1,459.4,137.8,2.25,3,5,0,0
2024-05-24,56.54,3314.0,61.2,318.2,146.3,3.58,4,5,0,0
2024-05-25,63.9,2640.0,61.3,429.4,155.0,3.55,5,5,1,0
2024-05-26,52.13,2673.0,57.6,386.9,148.5,2.8,6,5,1,0
2024-05-27,47.14,3071.0,55.9,363.5,147.4,2.53,0,5,0,0
2024-05-28,46.86,2956.0,61.1,431.5,110.6,3.36,1,5,0,0
2024-05-29,48.99,3403.0,50.1,549.1,136.0,3.62,2,5,0,0
2024-05-30,57.84,3009.0,59.5,233.9,172.7,3.19,3,5,0,0
2024-05-31,57.27,3254.0,70.5,433.1,122.4,2.99,4,5,0,0
2024-06-01,43.61,2639.0,77.8,660.3,95.8,3.42,5,6,1,0
2024-06-02,42.46,2727.0,86.3,389.2,149.1,3.39,6,6,1,0
2024-06-03,42.22,3119.0,56.1,379.8,134.9,2.8,0,6,0,0
2024-06-04,54.66,2944.0,57.0,353.2,133.4,3.2,1,6,0,0
2024-06-05,53.54,3210.0,66.3,651.0,126.5,2.83,2,6,0,0
2024-06-06,45.49,2756.0,50.5,552.5,105.3,3.66,3,6,0,0
2024-06-07,66.18,2712.0,73.1,315.2,115.4,3.66,4,6,0,0
2024-06-08,45.57,2670.0,78.0,293.2,134.7,2.46,5,6,1,0
2024-06-09,49.55,2548.0,59.6,476.3,148.8,3.54,6,6,1,0
2024-06-10,43.46,2928.0,59.1,384.7,146.3,3.09,0,6,0,0
2024-06-11,41.49,3021.0,76.8,462.9,172.4,2.79,1,6,0,0
2024-06-12,48.35,2947.0,73.9,439.1,113.9,3.55,2,6,0,0
2024-06-13,50.24,2595.0,69.1,552.1,171.2,3.09,3,6,0,0
2024-06-14,37.4,2652.0,68.3,314.6,160.7,1.6,4,6,0,0
2024-06-15,56.57,2489.0,82.9,454.0,117.7,3.33,5,6,1,0
2024-06-16,50.87,2368.0,66.7,591.5,124.6,3.67,6,6,1,0
2024-06-17,57.72,2947.0,66.9,209.8,87.9,2.62,0,6,0,0
2024-06-18,50.04,3061.0,78.0,508.9,191.6,2.96,1,6,0,0
2024-06-19,45.0,2728.0,55.6,437.4,107.0,3.01,2,6,0,0
2024-06-20,45.92,2783.0,61.6,495.3,147.5,2.6,3,6,0,0
2024-06-21,44.52,3108.0,57.6,528.1,188.3,3.16,4,6,0,0
2024-06-22,83.19,2857.0,65.5,307.9,146.4,1.48,5,6,1,1
2024-06-23,47.21,2628.0,82.6,439.2,119.9,3.55,6,6,1,0
2024-06-24,44.08,3030.0,68.7,432.1,162.9,3.46,0,6,0,0
2024-06-25,51.08,2937.0,67.3,590.9,118.5,3.23,1,6,0,0
2024-06-26,52.64,2815.0,82.6,679.5,91.6,2.46,2,6,0,0
2024-06-27,62.08,2703.0,68.5,425.3,157.3,2.97,3,6,0,0
2024-06-28,125.97,3013.0,71.8,608.9,142.0,2.78,4,6,0,1
2024-06-29,38.92,2747.0,66.3,282.6,163.2,2.99,5,6,1,0
2024-06-30,42.5,2585.0,70.3,299.1,130.5,3.1,6,6,1,0
2024-07-01,54.28,2637.0,63.4,222.4,80.9,3.57,0,7,0,0
2024-07-02,46.58,2832.0,68.2,552.8,131.5,3.53,1,7,0,0
2024-07-03,45.75,2664.0,68.9,501.9,157.9,3.16,2,7,0,0
2024-07-04,45.45,2789.0,75.4,492.8,147.0,2.93,3,7,0,0
2024-07-05,38.7,2982.0,85.9,231.6,133.7,3.09,4,7,0,0
2024-07-06,43.24,2449.0,58.6,565.9,162.1,3.03,5,7,1,0
2024-07-07,51.19,2516.0,79.0,356.9,151.6,2.59,6,7,1,0
2024-07-08,42.07,2742.0,54.2,425.4,154.2,2.91,0,7,0,0
2024-07-09,50.3,2746.0,87.3,408.1,86.5,3.21,1,7,0,0
2024-07-10,49.31,2891.0,74.4,376.3,151.5,3.42,2,7,0,0
2024-07-11,45.81,2926.0,68.6,440.5,144.5,3.7,3,7,0,0
2024-07-12,58.41,2704.0,79.9,475.1,137.3,3.19,4,7,0,0
2024-07-13,41.8,2337.0,69.4,314.9,120.9,3.34,5,7,1,0
2024-07-14,48.58,2685.0,71.7,262.0,150.2,3.21,6,7,1,0
2024-07-15,39.81,3129.0,69.3,551.5,164.4,3.47,0,7,0,0
2024-07-16,50.17,3180.0,79.0,342.1,167.8,2.61,1,7,0,0
2024-07-17,53.17,2836.0,69.7,296.7,148.1,2.78,2,7,0,0
2024-07-18,59.51,2569.0,72.5,467.8,112.9,3.69,3,7,0,0
2024-07-19,48.9,2707.0,79.0,521.1,146.7,2.78,4,7,0,0
2024-07-20,41.74,2461.0,66.0,677.2,164.7,3.47,5,7,1,0
2024-07-21,38.28,2513.0,73.6,506.4,155.1,2.08,6,7,1,0
2024-07-22,43.78,3001.0,86.2,473.4,160.4,3.12,0,7,0,0
2024-07-23,43.5,3079.0,76.4,440.3,176.7,2.53,1,7,0,0
2024-07-24,53.24,2948.0,63.2,123.0,121.3,3.29,2,7,0,0
2024-07-25,42.18,2736.0,77.9,353.9,136.4,3.09,3,7,0,0
2024-07-26,45.63,2883.0,84.3,638.7,114.4,3.02,4,7,0,0
2024-07-27,37.02,2611.0,64.0,100.7,175.6,2.3,5,7,1,0
2024-07-28,45.64,2812.0,73.4,336.4,110.2,3.2,6,7,1,0
2024-07-29,53.7,2761.0,79.8,478.2,107.8,3.4,0,7,0,0
2024-07-30,47.19,2711.0,81.5,329.8,102.9,3.22,1,7,0,0
2024-07-31,49.39,2729.0,59.6,371.6,145.2,3.56,2,7,0,0
2024-08-01,55.11,2987.0,66.9,621.3,156.5,3.53,3,8,0,0
2024-08-02,52.38,2949.0,69.8,451.2,99.1,2.87,4,8,0,0
2024-08-03,38.75,2534.0,69.3,319.2,103.4,2.79,5,8,1,0
2024-08-04,41.74,2807.0,73.7,274.2,120.8,3.47,6,8,1,0
2024-08-05,60.77,2715.0,59.0,358.1,140.5,3.17,0,8,0,0
2024-08-06,48.32,3077.0,68.6,390.6,145.5,3.25,1,8,0,0
2024-08-07,38.58,3112.0,75.4,391.5,98.2,3.34,2,8,0,0
2024-08-08,78.64,2974.0,65.8,593.7,117.9,3.74,3,8,0,1
2024-08-09,55.47,2915.0,81.0,514.2,160.7,3.22,4,8,0,0
2024-08-10,49.08,2552.0,65.0,320.5,129.3,3.15,5,8,1,0
2024-08-11,53.32,2448.0,79.8,470.3,119.8,3.01,6,8,1,0
2024-08-12,46.59,2858.0,63.1,501.1,114.9,2.34,0,8,0,0
2024-08-13,44.49,3000.0,76.0,262.6,160.1,3.04,1,8,0,0
2024-08-14,99.06,3010.0,74.0,303.4,145.3,3.02,2,8,0,1
2024-08-15,34.07,2939.0,60.5,341.6,118.4,3.12,3,8,0,0
2024-08-16,46.78,2858.0,64.1,599.8,177.0,2.98,4,8,0,0
2024-08-17,46.57,2494.0,70.5,204.0,123.2,3.46,5,8,1,0
2024-08-18,58.21,2502.0,72.3,347.1,57.0,3.26,6,8,1,0
2024-08-19,49.53,2789.0,78.4,297.6,155.0,3.38,0,8,0,0
2024-08-20,53.78,2962.0,61.3,250.0,92.1,3.35,1,8,0,0
2024-08-21,86.48,2801.0,77.8,344.2,131.2,2.97,2,8,0,1
2024-08-22,52.8,2947.0,66.0,254.7,103.3,3.07,3,8,0,0
2024-08-23,48.91,3005.0,68.9,438.3,123.8,3.71,4,8,0,0
2024-08-24,54.15,2861.0,76.5,327.7,73.5,2.27,5,8,1,0
2024-08-25,50.34,2784.0,73.2,294.6,162.2,3.52,6,8,1,0
2024-08-26,41.8,2876.0,78.7,532.1,139.9,3.0,0,8,0,0
2024-08-27,45.61,2994.0,73.4,156.9,133.3,3.04,1,8,0,0
2024-08-28,53.37,2881.0,77.6,325.3,70.5,3.28,2,8,0,0
2024-08-29,94.55,2854.0,69.9,327.7,150.0,3.66,3,8,0,1
2024-08-30,38.38,2702.0,82.7,407.2,152.3,3.25,4,8,0,0
2024-08-31,39.14,2906.0,80.4,457.1,99.0,3.17,5,8,1,0
2024-09-01,56.23,2794.0,62.5,410.2,105.0,2.79,6,9,1,0
2024-09-02,58.48,3239.0,68.3,179.9,124.0,2.69,0,9,0,0
2024-09-03,58.62,3388.0,54.7,290.6,61.9,3.13,1,9,0,0
2024-09-04,51.34,2761.0,49.1,322.4,77.9,3.07,2,9,0,0
2024-09-05,53.3,2955.0,75.3,520.0,137.7,3.49,3,9,0,0
2024-09-06,50.56,3159.0,62.7,475.6,96.1,3.17,4,9,0,0
2024-09-07,111.0,2892.0,53.8,492.0,106.6,2.81,5,9,1,1
2024-09-08,50.13,2568.0,59.6,547.1,107.8,3.13,6,9,1,0
2024-09-09,58.68,3051.0,66.0,491.3,94.8,3.56,0,9,0,0
2024-09-10,60.93,3298.0,73.4,407.2,55.7,3.29,1,9,0,0
2024-09-11,63.7,2903.0,60.9,383.0,5.8,2.49,2,9,0,0
2024-09-12,51.24,2949.0,53.6,229.0,98.4,3.04,3,9,0,0
2024-09-13,50.43,2830.0,63.5,362.5,79.5,3.09,4,9,0,0
2024-09-14,53.34,2781.0,69.6,339.6,72.4,3.5,5,9,1,0
2024-09-15,62.79,2900.0,59.2,367.0,117.2,3.18,6,9,1,0
2024-09-16,50.05,3194.0,62.1,369.2,64.9,3.31,0,9,0,0
2024-09-17,80.36,2874.0,62.5,423.7,78.4,3.23,1,9,0,1
2024-09-18,61.35,3082.0,49.9,298.0,73.2,2.12,2,9,0,0
2024-09-19,57.0,3044.0,74.3,297.0,92.7,3.01,3,9,0,0
2024-09-20,58.48,3216.0,59.6,376.5,100.6,3.34,4,9,0,0
2024-09-21,52.49,2913.0,66.9,355.9,100.5,2.44,5,9,1,0
2024-09-22,59.44,2530.0,64.6,148.4,155.6,2.88,6,9,1,0
2024-09-23,47.78,3127.0,65.0,195.5,67.9,3.31,0,9,0,0
2024-09-24,45.81,3170.0,50.5,154.5,103.6,3.24,1,9,0,0
2024-09-25,67.19,3164.0,64.0,409.4,104.6,3.4,2,9,0,0
2024-09-26,58.58,3518.0,65.6,460.4,81.7,2.45,3,9,0,0
2024-09-27,46.96,2880.0,57.6,303.6,53.7,3.08,4,9,0,0
2024-09-28,53.88,2627.0,53.3,66.5,85.2,3.12,5,9,1,0
2024-09-29,55.78,3012.0,57.0,321.7,108.8,3.68,6,9,1,0
2024-09-30,63.01,3192.0,78.2,181.3,50.2,3.26,0,9,0,0
2024-10-01,51.21,3165.0,53.2,259.8,78.1,2.64,1,10,0,0
2024-10-02,59.69,3185.0,61.3,274.0,17.0,3.88,2,10,0,0
2024-10-03,107.36,3140.0,59.9,303.0,10.1,2.51,3,10,0,1
2024-10-04,58.88,3242.0,55.8,325.2,90.6,3.43,4,10,0,0
2024-10-05,67.46,2915.0,41.0,168.8,100.0,2.52,5,10,1,0
2024-10-06,58.45,2671.0,47.9,281.2,12.1,3.5,6,10,1,0
2024-10-07,54.01,2992.0,56.6,334.0,49.1,2.58,0,10,0,0
2024-10-08,61.26,3166.0,41.0,210.4,72.8,2.27,1,10,0,0
2024-10-09,49.15,3403.0,40.0,249.3,98.4,3.05,2,10,0,0
2024-10-10,63.37,3313.0,62.1,468.7,42.1,3.15,3,10,0,0
2024-10-11,57.52,2913.0,56.2,0.0,92.1,2.43,4,10,0,0
2024-10-12,52.43,3044.0,44.9,465.3,114.9,2.53,5,10,1,0
2024-10-13,61.42,2944.0,54.4,265.0,74.1,2.74,6,10,1,0
2024-10-14,48.45,3192.0,40.0,301.7,39.5,2.76,0,10,0,0
2024-10-15,59.72,3089.0,51.6,224.7,73.7,3.0,1,10,0,0
2024-10-16,63.27,2962.0,43.7,275.1,60.3,3.88,2,10,0,0
2024-10-17,73.31,3178.0,54.5,435.2,137.1,4.04,3,10,0,0
2024-10-18,58.29,3057.0,69.2,388.4,54.0,2.68,4,10,0,0
2024-10-19,63.26,3054.0,50.1,339.1,71.6,2.97,5,10,1,0
2024-10-20,65.0,3102.0,63.4,358.9,37.0,3.59,6,10,1,0
2024-10-21,75.92,3122.0,48.3,248.6,82.7,3.03,0,10,0,0
2024-10-22,61.11,3151.0,58.0,180.1,74.4,2.36,1,10,0,0
2024-10-23,66.04,3035.0,48.6,266.9,70.7,3.12,2,10,0,0
2024-10-24,52.7,3205.0,62.5,215.5,57.7,3.54,3,10,0,0
2024-10-25,61.93,3216.0,37.9,289.6,98.6,3.51,4,10,0,0
2024-10-26,63.13,3032.0,44.1,356.0,49.8,3.93,5,10,1,0
2024-10-27,56.04,2973.0,58.3,254.5,104.7,2.97,6,10,1,0
2024-10-28,56.42,3312.0,50.3,332.1,42.1,3.36,0,10,0,0
2024-10-29,59.87,3047.0,57.9,190.1,71.7,3.24,1,10,0,0
2024-10-30,64.33,3109.0,48.7,502.4,66.9,2.92,2,10,0,0
2024-10-31,67.06,2991.0,43.1,283.8,64.2,2.89,3,10,0,0
2024-11-01,59.7,3266.0,37.6,202.2,25.9,2.83,4,11,0,0
2024-11-02,49.15,2699.0,46.6,14.9,45.3,3.24,5,11,1,0
2024-11-03,65.06,2873.0,49.7,307.5,65.0,3.11,6,11,1,0
2024-11-04,54.05,3004.0,41.1,314.9,62.3,2.25,0,11,0,0
2024-11-05,66.54,3282.0,38.9,513.2,84.0,3.44,1,11,0,0
2024-11-06,43.64,3320.0,30.6,132.1,53.9,2.78,2,11,0,0
2024-11-07,64.88,3162.0,28.8,196.5,62.4,2.95,3,11,0,0
2024-11-08,54.66,3045.0,39.9,156.1,90.2,2.77,4,11,0,0
2024-11-09,64.9,2702.0,40.9,265.7,53.4,2.74,5,11,1,0
2024-11-10,57.63,2687.0,31.4,88.5,2.8,2.65,6,11,1,0
2024-11-11,67.56,3073.0,32.7,319.6,69.8,2.84,0,11,0,0
2024-11-12,68.43,3073.0,30.8,291.3,48.5,3.18,1,11,0,0
2024-11-13,48.0,3025.0,51.8,101.7,22.5,2.1,2,11,0,0
2024-11-14,59.46,3031.0,30.7,289.1,8.8,2.72,3,11,0,0
2024-11-15,64.61,2946.0,37.1,331.0,0.0,3.86,4,11,0,0
2024-11-16,58.97,2808.0,36.9,118.5,23.0,3.16,5,11,1,0
2024-11-17,54.21,2855.0,27.1,114.3,0.0,4.35,6,11,1,0
2024-11-18,64.63,3162.0,33.7,307.7,34.1,3.32,0,11,0,0
2024-11-19,67.28,3118.0,32.1,249.6,5.6,3.53,1,11,0,0
2024-11-20,74.17,3296.0,39.4,355.3,10.8,3.19,2,11,0,0
2024-11-21,58.9,3158.0,34.6,239.7,25.4,2.68,3,11,0,0
2024-11-22,46.61,3312.0,36.6,483.2,0.0,3.27,4,11,0,0
2024-11-23,43.37,2646.0,28.9,194.4,35.4,2.39,5,11,1,0
2024-11-24,58.2,3005.0,27.8,405.6,0.0,3.3,6,11,1,0
2024-11-25,54.42,3219.0,34.4,392.1,64.0,3.34,0,11,0,0
2024-11-26,66.43,3239.0,36.2,295.6,0.0,3.12,1,11,0,0
2024-11-27,91.94,2821.0,39.5,302.1,20.0,3.76,2,11,0,1
2024-11-28,66.58,2876.0,37.9,174.9,52.0,3.14,3,11,0,0
2024-11-29,52.77,3196.0,42.8,472.4,55.6,3.33,4,11,0,0
2024-11-30,51.68,2692.0,29.4,245.3,54.0,2.61,5,11,1,0
2024-12-01,39.23,3054.0,32.3,120.8,43.7,2.86,6,12,1,0
2024-12-02,64.42,3226.0,31.6,124.2,33.0,2.68,0,12,0,0
2024-12-03,63.97,3072.0,26.6,174.2,67.2,3.01,1,12,0,0
2024-12-04,56.39,3142.0,43.8,394.4,53.6,2.82,2,12,0,0
2024-12-05,60.8,3050.0,31.8,389.6,51.3,3.32,3,12,0,0
2024-12-06,56.46,3078.0,20.9,150.7,75.5,2.93,4,12,0,0
2024-12-07,66.79,2939.0,25.1,65.9,51.4,3.21,5,12,1,0
2024-12-08,47.04,2929.0,13.2,222.4,1.2,2.97,6,12,1,0
2024-12-09,64.54,2977.0,45.1,16.1,48.7,2.76,0,12,0,0
2024-12-10,59.61,3045.0,31.7,137.8,0.0,3.12,1,12,0,0
2024-12-11,66.81,2964.0,17.2,174.3,0.0,3.39,2,12,0,0
2024-12-12,62.17,2981.0,27.0,263.7,40.1,3.77,3,12,0,0
2024-12-13,60.58,3112.0,35.7,118.5,13.4,2.14,4,12,0,0
2024-12-14,58.02,2717.0,22.3,217.8,52.2,2.58,5,12,1,0
2024-12-15,57.73,2850.0,31.3,186.5,31.5,3.68,6,12,1,0
2024-12-16,59.94,3197.0,36.7,11.0,16.0,2.92,0,12,0,0
2024-12-17,59.9,3348.0,32.9,117.6,49.7,3.0,1,12,0,0
2024-12-18,60.9,3139.0,10.2,253.1,41.3,3.18,2,12,0,0
2024-12-19,63.99,2813.0,36.3,391.5,69.4,3.04,3,12,0,0
2024-12-20,46.01,2725.0,31.3,234.7,47.2,2.89,4,12,0,0
2024-12-21,54.17,2642.0,32.7,276.7,18.8,3.85,5,12,1,0
2024-12-22,68.82,2469.0,34.7,91.6,4.5,3.46,6,12,1,0
2024-12-23,59.86,2886.0,29.7,416.7,78.6,3.53,0,12,0,0
2024-12-24,62.87,3216.0,22.9,361.7,82.7,3.91,1,12,0,0
2024-12-25,61.19,2817.0,24.2,226.4,0.0,2.55,2,12,0,0
2024-12-26,45.0,3006.0,18.2,51.8,50.0,2.55,3,12,0,0
2024-12-27,51.22,3127.0,28.4,16.2,43.2,2.83,4,12,0,0
2024-12-28,56.77,2840.0,31.5,373.7,35.2,2.48,5,12,1,0
2024-12-29,58.0,2956.0,24.6,212.0,0.0,2.77,6,12,1,0
2024-12-30,51.44,2936.0,30.9,379.2,49.4,2.8,0,12,0,0
2024-12-31,68.07,2967.0,22.4,74.9,40.4,2.82,1,12,0,0
2025-01-01,47.81,2843.0,40.9,148.5,42.0,3.43,2,1,0,0
2025-01-02,63.27,2971.0,14.6,219.7,35.4,3.16,3,1,0,0
2025-01-03,50.83,3086.0,27.4,266.7,111.1,3.05,4,1,0,0
2025-01-04,52.16,2540.0,16.6,299.3,15.0,3.03,5,1,1,0
2025-01-05,56.55,2787.0,37.7,313.2,72.5,2.8,6,1,1,0
2025-01-06,54.25,3026.0,30.4,293.5,85.4,3.37,0,1,0,0
2025-01-07,68.69,3135.0,31.0,305.1,29.5,3.25,1,1,0,0
2025-01-08,55.79,2804.0,34.1,362.1,44.4,3.05,2,1,0,0
2025-01-09,51.03,2972.0,38.2,209.8,18.4,3.24,3,1,0,0
2025-01-10,57.6,3088.0,31.2,42.7,75.1,3.78,4,1,0,0
2025-01-11,64.91,2634.0,22.4,276.2,46.0,2.9,5,1,1,0
2025-01-12,51.92,2678.0,26.7,416.7,25.0,3.6,6,1,1,0
2025-01-13,53.23,3293.0,16.1,350.7,65.5,3.15,0,1,0,0
2025-01-14,44.29,2915.0,27.3,354.3,89.6,3.94,1,1,0,0
2025-01-15,61.53,3216.0,21.8,328.3,37.8,4.11,2,1,0,0
2025-01-16,57.23,3070.0,41.7,310.8,52.5,3.59,3,1,0,0
2025-01-17,62.75,3195.0,18.7,427.1,89.1,3.07,4,1,0,0
2025-01-18,54.47,2958.0,20.1,418.4,34.6,2.54,5,1,1,0
2025-01-19,66.04,2839.0,43.6,90.2,84.1,4.03,6,1,1,0
2025-01-20,61.23,2979.0,34.7,332.7,23.9,3.7,0,1,0,0
2025-01-21,59.01,3267.0,23.3,489.4,19.0,3.66,1,1,0,0
2025-01-22,62.27,2850.0,35.7,194.7,42.3,3.01,2,1,0,0
2025-01-23,48.84,3042.0,22.8,323.2,12.5,3.23,3,1,0,0
2025-01-24,45.95,2988.0,20.7,428.6,27.2,3.26,4,1,0,0
2025-01-25,62.38,2768.0,36.2,238.5,51.6,3.67,5,1,1,0
2025-01-26,53.71,2646.0,37.3,576.0,74.9,2.73,6,1,1,0
2025-01-27,74.35,3174.0,15.8,191.3,33.8,2.76,0,1,0,1
2025-01-28,42.91,3290.0,25.6,0.0,60.3,3.37,1,1,0,0
2025-01-29,60.79,2913.0,26.8,389.9,46.0,3.32,2,1,0,0
2025-01-30,57.23,2757.0,24.3,342.3,91.0,3.28,3,1,0,0
2025-01-31,58.47,2935.0,29.8,328.5,58.9,3.84,4,1,0,0
2025-02-01,55.11,2801.0,34.3,542.5,92.9,3.57,5,2,1,0
2025-02-02,51.81,2709.0,25.7,346.6,64.0,3.48,6,2,1,0
2025-02-03,67.41,3255.0,27.0,251.4,76.3,3.2,0,2,0,0
2025-02-04,62.69,3061.0,15.9,126.9,83.6,3.46,1,2,0,0
2025-02-05,57.32,3160.0,22.0,262.8,108.3,3.63,2,2,0,0
2025-02-06,71.85,3307.0,27.6,249.9,123.8,3.77,3,2,0,0
2025-02-07,69.52,3090.0,40.7,212.0,31.7,3.62,4,2,0,0
2025-02-08,64.83,3060.0,41.8,154.5,71.3,3.72,5,2,1,0
2025-02-09,58.43,2835.0,35.0,276.7,104.8,3.78,6,2,1,0
2025-02-10,63.61,3022.0,20.6,320.9,92.5,4.04,0,2,0,0
2025-02-11,56.22,2938.0,25.6,379.2,35.9,3.53,1,2,0,0
2025-02-12,65.86,3136.0,33.5,429.0,61.2,3.12,2,2,0,0
2025-02-13,69.77,2794.0,29.1,409.5,128.0,3.45,3,2,0,0
2025-02-14,65.6,2935.0,27.5,186.3,5.2,3.66,4,2,0,0
2025-02-15,49.35,2618.0,44.8,299.0,65.4,3.34,5,2,1,0
2025-02-16,71.34,3063.0,22.2,475.2,102.7,3.67,6,2,1,0
2025-02-17,60.74,2879.0,15.1,331.1,80.6,3.22,0,2,0,0
2025-02-18,54.71,3145.0,23.9,318.3,75.6,3.32,1,2,0,0
2025-02-19,62.22,3002.0,19.8,180.8,40.6,3.81,2,2,0,0
2025-02-20,44.63,2982.0,28.4,304.2,62.0,2.2,3,2,0,0
2025-02-21,50.0,2860.0,27.4,308.2,70.9,2.05,4,2,0,0
2025-02-22,54.12,2934.0,34.2,298.8,43.4,3.83,5,2,1,0
2025-02-23,50.07,2700.0,26.1,423.5,78.2,2.95,6,2,1,0
2025-02-24,63.46,2963.0,22.1,330.9,80.2,2.89,0,2,0,0
2025-02-25,59.22,3051.0,19.8,273.6,43.7,3.71,1,2,0,0
2025-02-26,61.9,3318.0,31.8,321.1,36.1,3.29,2,2,0,0
2025-02-27,67.14,2831.0,37.3,390.1,51.5,3.96,3,2,0,0
2025-02-28,68.21,3097.0,25.6,180.8,98.2,3.23,4,2,0,0
2025-03-01,62.1,2450.0,35.2,406.7,86.0,3.23,5,3,1,0
2025-03-02,59.58,2704.0,31.9,252.3,140.1,3.05,6,3,1,0
2025-03-03,63.94,3188.0,39.8,236.4,90.8,3.1,0,3,0,0
2025-03-04,61.11,3148.0,38.3,295.0,136.4,3.08,1,3,0,0
2025-03-05,67.71,2716.0,41.1,319.7,37.3,3.3,2,3,0,0
2025-03-06,66.03,3016.0,36.3,328.6,157.4,2.95,3,3,0,0
2025-03-07,53.31,3118.0,59.8,445.4,87.8,2.89,4,3,0,0
2025-03-08,62.49,2739.0,35.3,341.5,133.2,4.14,5,3,1,0
2025-03-09,60.65,2763.0,34.4,192.0,76.2,3.61,6,3,1,0
2025-03-10,62.58,2826.0,48.4,355.6,118.9,3.53,0,3,0,0
2025-03-11,57.04,2922.0,34.8,350.0,131.4,3.47,1,3,0,0
2025-03-12,61.77,3418.0,32.0,275.3,102.6,2.67,2,3,0,0
2025-03-13,55.84,3062.0,54.3,361.1,130.8,3.57,3,3,0,0
2025-03-14,59.54,3092.0,37.2,309.7,134.9,3.78,4,3,0,0
2025-03-15,58.9,2858.0,36.4,292.2,87.9,2.95,5,3,1,0
2025-03-16,57.22,2661.0,45.3,476.9,147.0,2.81,6,3,1,0
2025-03-17,56.95,3116.0,42.7,549.5,111.9,2.31,0,3,0,0
2025-03-18,53.83,2871.0,35.1,260.7,131.1,3.01,1,3,0,0
2025-03-19,63.49,3088.0,42.9,231.3,132.5,3.95,2,3,0,0
2025-03-20,52.4,3224.0,48.4,196.2,106.6,3.25,3,3,0,0
2025-03-21,64.86,3219.0,34.4,373.7,115.7,3.53,4,3,0,0
2025-03-22,59.74,2459.0,47.2,278.3,112.0,3.53,5,3,1,0
2025-03-23,63.07,2623.0,46.6,486.5,146.6,3.55,6,3,1,0
2025-03-24,53.85,3346.0,33.8,363.1,99.5,3.08,0,3,0,0
2025-03-25,73.16,3174.0,44.6,407.2,121.3,3.49,1,3,0,0
2025-03-26,58.92,3076.0,35.9,342.7,66.9,3.05,2,3,0,0
2025-03-27,62.05,3233.0,42.7,166.8,135.8,3.51,3,3,0,0
2025-03-28,63.19,3133.0,29.0,501.4,115.1,3.66,4,3,0,0
2025-03-29,57.14,2890.0,43.0,560.9,120.4,3.03,5,3,1,0
2025-03-30,77.76,2567.0,36.4,200.7,102.6,2.92,6,3,1,0
2025-03-31,59.91,2836.0,45.8,382.2,46.0,4.39,0,3,0,0
2025-04-01,59.4,3272.0,52.3,300.3,179.2,2.76,1,4,0,0
2025-04-02,63.46,2906.0,39.1,692.5,115.2,3.86,2,4,0,0
2025-04-03,70.97,2902.0,47.5,473.7,136.3,3.56,3,4,0,0
2025-04-04,46.54,3233.0,52.4,520.6,106.4,2.88,4,4,0,0
2025-04-05,48.85,3207.0,42.0,443.9,168.3,2.94,5,4,1,0
2025-04-06,43.22,2980.0,49.6,270.8,199.4,3.02,6,4,1,0
2025-04-07,47.0,2993.0,58.8,347.4,129.8,3.49,0,4,0,0
2025-04-08,50.86,3275.0,48.9,169.4,115.4,3.01,1,4,0,0
2025-04-09,58.13,3084.0,47.9,370.9,139.0,3.33,2,4,0,0
2025-04-10,55.74,2951.0,49.7,219.4,147.0,2.98,3,4,0,0
2025-04-11,65.56,3081.0,47.6,294.7,129.1,4.05,4,4,0,0
2025-04-12,56.88,2983.0,38.2,439.2,237.4,3.13,5,4,1,0
2025-04-13,62.27,2890.0,51.9,359.0,170.1,4.02,6,4,1,0
2025-04-14,65.44,3385.0,58.4,544.4,189.9,3.21,0,4,0,0
2025-04-15,60.07,3176.0,46.3,355.8,181.6,3.01,1,4,0,0
2025-04-16,58.57,3220.0,62.9,367.8,123.5,3.43,2,4,0,0
2025-04-17,59.49,3036.0,64.6,359.1,150.4,3.69,3,4,0,0
2025-04-18,59.34,2967.0,45.9,351.5,154.0,3.12,4,4,0,0
2025-04-19,47.99,2784.0,45.0,216.4,109.2,3.42,5,4,1,0
2025-04-20,61.7,2953.0,32.5,549.5,169.2,3.43,6,4,1,0
2025-04-21,65.79,3369.0,41.8,541.0,198.7,3.54,0,4,0,0
2025-04-22,67.88,3094.0,41.1,431.5,99.4,4.0,1,4,0,0
2025-04-23,56.57,3272.0,49.0,293.4,114.0,3.33,2,4,0,0
2025-04-24,64.97,3173.0,59.4,105.1,141.3,3.61,3,4,0,0
2025-04-25,54.99,3330.0,64.1,439.6,125.3,3.45,4,4,0,0
2025-04-26,51.11,2585.0,49.4,360.2,162.2,3.21,5,4,1,0
2025-04-27,56.73,3193.0,63.3,431.6,118.9,3.62,6,4,1,0
2025-04-28,67.43,3271.0,33.0,466.6,124.1,3.1,0,4,0,0
2025-04-29,68.48,3249.0,41.9,377.0,89.5,2.87,1,4,0,0
2025-04-30,57.0,3217.0,56.8,436.0,172.3,2.66,2,4,0,0
2025-05-01,67.0,3130.0,63.8,475.0,164.0,3.62,3,5,0,0
2025-05-02,54.5,3163.0,63.1,444.8,194.2,3.24,4,5,0,0
2025-05-03,57.98,2924.0,70.3,418.9,184.0,2.72,5,5,1,0
2025-05-04,53.38,2716.0,70.5,578.6,215.4,3.64,6,5,1,0
2025-05-05,59.31,3225.0,68.1,514.2,148.0,3.65,0,5,0,0
2025-05-06,54.33,3093.0,66.8,724.7,192.9,3.72,1,5,0,0
2025-05-07,58.08,3082.0,65.8,385.9,146.7,3.08,2,5,0,0
2025-05-08,52.31,2643.0,66.8,310.3,124.6,3.29,3,5,0,0
2025-05-09,60.34,3125.0,60.7,489.1,193.0,3.5,4,5,0,0
2025-05-10,52.34,2804.0,59.3,468.2,174.8,3.69,5,5,1,0
2025-05-11,55.87,2611.0,67.4,400.2,127.3,3.03,6,5,1,0
2025-05-12,50.14,3073.0,64.4,371.3,214.1,3.57,0,5,0,0
2025-05-13,48.42,3415.0,63.1,354.5,193.7,3.14,1,5,0,0
2025-05-14,57.79,2823.0,53.5,493.6,126.6,4.22,2,5,0,0
2025-05-15,52.25,2798.0,72.4,260.6,108.9,3.37,3,5,0,0
2025-05-16,55.85,3124.0,67.9,376.6,115.1,3.04,4,5,0,0
2025-05-17,50.88,2767.0,80.6,443.2,174.1,3.27,5,5,1,0
2025-05-18,62.78,2575.0,59.1,451.4,178.1,3.32,6,5,1,0
2025-05-19,54.75,3121.0,70.5,786.6,152.2,3.81,0,5,0,0
2025-05-20,54.52,2939.0,63.8,557.1,152.1,3.49,1,5,0,0
2025-05-21,52.15,3147.0,56.9,367.1,129.7,3.35,2,5,0,0
2025-05-22,45.63,3249.0,65.4,453.7,206.3,3.13,3,5,0,0
2025-05-23,56.06,3074.0,67.3,470.0,156.8,3.69,4,5,0,0
2025-05-24,59.13,2749.0,58.2,385.0,138.0,3.55,5,5,1,0
2025-05-25,54.24,2395.0,54.4,727.3,199.0,2.81,6,5,1,0
2025-05-26,59.13,2957.0,67.6,586.7,124.3,3.79,0,5,0,0
2025-05-27,59.85,3065.0,52.2,543.9,203.2,3.59,1,5,0,0
2025-05-28,67.55,3142.0,57.0,500.9,192.4,3.36,2,5,0,0
2025-05-29,45.99,3404.0,54.5,452.7,138.1,3.45,3,5,0,0
2025-05-30,56.31,3314.0,53.9,373.3,206.9,2.48,4,5,0,0
2025-05-31,39.81,2614.0,66.0,472.4,136.5,2.95,5,5,1,0
2025-06-01,46.93,2565.0,71.2,443.4,161.0,3.91,6,6,1,0
2025-06-02,55.57,2865.0,77.2,467.8,187.0,3.18,0,6,0,0
2025-06-03,48.63,2862.0,61.5,408.9,166.8,3.71,1,6,0,0
2025-06-04,51.22,2493.0,77.5,760.8,175.8,3.15,2,6,0,0
2025-06-05,45.59,2721.0,78.0,245.6,150.8,3.29,3,6,0,0
2025-06-06,47.75,2876.0,61.1,580.4,193.1,3.57,4,6,0,0
2025-06-07,46.28,2302.0,76.2,402.4,143.1,2.98,5,6,1,0
2025-06-08,51.07,2557.0,71.8,454.7,243.4,3.08,6,6,1,0
2025-06-09,50.81,2886.0,69.1,353.3,184.8,3.35,0,6,0,0
2025-06-10,57.16,3281.0,57.2,387.3,99.3,3.61,1,6,0,1
2025-06-11,47.39,2959.0,69.4,492.9,155.0,3.29,2,6,0,0
2025-06-12,50.42,2805.0,68.7,482.4,160.9,3.48,3,6,0,0
2025-06-13,52.95,2627.0,70.1,500.3,179.9,3.36,4,6,0,0
2025-06-14,52.85,2549.0,75.5,592.6,148.2,3.27,5,6,1,0
2025-06-15,56.64,2840.0,60.1,296.5,144.5,3.0,6,6,1,0
2025-06-16,59.12,2838.0,72.4,489.0,181.2,4.03,0,6,0,0
2025-06-17,51.3,2938.0,68.0,606.7,216.7,4.0,1,6,0,0
2025-06-18,42.88,2970.0,72.3,333.0,147.5,2.77,2,6,0,0
2025-06-19,43.03,2936.0,79.6,375.2,135.0,3.45,3,6,0,0
2025-06-20,38.56,2780.0,76.4,476.0,194.2,3.44,4,6,0,0
2025-06-21,48.04,2770.0,69.7,137.6,164.4,3.23,5,6,1,0
2025-06-22,48.95,2562.0,71.5,643.2,203.7,3.69,6,6,1,0
2025-06-23,36.48,3098.0,71.7,501.0,229.0,2.93,0,6,0,0
2025-06-24,51.45,2672.0,70.7,523.6,190.5,3.57,1,6,0,0
2025-06-25,51.44,2950.0,63.8,413.1,193.3,3.8,2,6,0,0
2025-06-26,65.29,3152.0,68.1,224.3,154.4,3.34,3,6,0,0
2025-06-27,42.49,2934.0,71.1,488.2,172.1,4.03,4,6,0,0
2025-06-28,54.77,2682.0,59.8,494.1,179.2,3.48,5,6,1,0
2025-06-29,53.96,2427.0,78.0,423.4,206.3,3.23,6,6,1,0
2025-06-30,56.6,2899.0,75.8,517.2,160.9,3.07,0,6,0,0
2025-07-01,53.33,2794.0,78.1,414.4,225.9,3.63,1,7,0,0
2025-07-02,55.79,2696.0,81.2,439.3,180.4,3.17,2,7,0,0
2025-07-03,55.85,3002.0,70.3,265.0,187.8,4.05,3,7,0,0
2025-07-04,49.77,2596.0,76.3,396.7,138.1,3.53,4,7,0,0
2025-07-05,58.65,2505.0,71.9,272.7,156.7,3.94,5,7,1,0
2025-07-06,39.02,2432.0,67.2,344.4,171.9,3.58,6,7,1,0
2025-07-07,37.13,2826.0,79.2,378.5,160.3,3.51,0,7,0,0
2025-07-08,36.42,2958.0,72.1,413.9,166.9,3.38,1,7,0,0
2025-07-09,45.15,2900.0,69.7,330.0,144.3,3.68,2,7,0,0
2025-07-10,40.79,2554.0,81.2,455.7,147.0,3.45,3,7,0,0
2025-07-11,49.72,2636.0,61.1,479.0,137.3,3.33,4,7,0,0
2025-07-12,46.45,2468.0,83.7,355.7,190.6,3.45,5,7,1,0
2025-07-13,54.61,2516.0,87.6,656.0,157.5,2.93,6,7,1,0
2025-07-14,42.26,2678.0,94.3,562.1,160.6,3.42,0,7,0,0
2025-07-15,51.67,2837.0,79.1,544.8,129.2,3.71,1,7,0,0
2025-07-16,49.4,2852.0,75.2,537.4,132.3,3.12,2,7,0,0
2025-07-17,48.46,2722.0,68.5,651.8,156.1,4.14,3,7,0,0
2025-07-18,51.08,2952.0,76.8,244.8,186.2,3.73,4,7,0,0
2025-07-19,43.58,2315.0,78.2,538.5,152.8,3.34,5,7,1,0
2025-07-20,49.4,2637.0,81.3,398.9,196.7,3.66,6,7,1,0
2025-07-21,44.63,2666.0,89.2,151.9,256.9,3.55,0,7,0,0
2025-07-22,44.45,2661.0,76.2,552.8,146.9,3.68,1,7,0,0
2025-07-23,51.07,2592.0,66.3,397.5,157.9,4.43,2,7,0,0
2025-07-24,56.87,2742.0,61.8,474.7,175.6,3.55,3,7,0,0
2025-07-25,45.95,2788.0,78.5,565.6,175.6,3.44,4,7,0,0
2025-07-26,45.01,2358.0,66.0,326.5,130.2,3.63,5,7,1,0
2025-07-27,54.63,2366.0,82.3,573.8,161.3,3.67,6,7,1,0
2025-07-28,50.56,2656.0,74.6,347.5,202.3,3.52,0,7,0,0
2025-07-29,51.54,3127.0,83.7,419.1,158.5,3.69,1,7,0,0
2025-07-30,48.96,2717.0,81.5,563.4,98.9,3.07,2,7,0,0
2025-07-31,41.53,2801.0,66.2,598.2,145.0,3.32,3,7,0,0
2025-08-01,49.71,3047.0,71.0,532.3,111.6,3.03,4,8,0,0
2025-08-02,58.61,2794.0,66.4,375.1,138.2,3.46,5,8,1,0
2025-08-03,50.09,2621.0,62.5,359.6,126.0,4.26,6,8,1,0
2025-08-04,50.03,2738.0,56.9,638.4,142.2,3.66,0,8,0,0
2025-08-05,50.64,2874.0,80.1,371.4,133.2,3.09,1,8,0,0
2025-08-06,43.31,2867.0,55.7,303.5,161.9,3.12,2,8,0,0
2025-08-07,52.24,2762.0,71.5,604.2,184.9,2.91,3,8,0,0
2025-08-08,38.2,2769.0,63.2,487.2,122.6,2.89,4,8,0,0
2025-08-09,38.85,2821.0,71.1,603.6,85.0,3.32,5,8,1,0
2025-08-10,51.73,2466.0,65.2,356.1,192.4,2.82,6,8,1,0
2025-08-11,47.72,3046.0,82.9,390.3,136.3,3.34,0,8,0,0
2025-08-12,60.18,3188.0,67.5,304.7,89.5,3.24,1,8,0,0
2025-08-13,54.49,3041.0,56.6,476.7,158.3,3.47,2,8,0,0
2025-08-14,38.63,3025.0,65.4,424.3,100.7,3.63,3,8,0,0
2025-08-15,50.25,2706.0,77.0,355.7,169.2,3.21,4,8,0,0
2025-08-16,40.52,2508.0,77.5,338.3,107.9,3.15,5,8,1,0
2025-08-17,51.7,2595.0,71.9,363.2,168.1,4.09,6,8,1,0
2025-08-18,54.93,2839.0,73.7,458.6,122.1,2.37,0,8,0,0
2025-08-19,48.73,2967.0,68.1,292.3,90.8,3.35,1,8,0,0
2025-08-20,50.96,2922.0,76.2,378.3,111.7,3.71,2,8,0,0
2025-08-21,55.88,2968.0,70.2,452.0,167.5,3.47,3,8,0,0
2025-08-22,53.6,2882.0,70.8,420.8,159.8,3.66,4,8,0,0
2025-08-23,41.77,2528.0,78.5,218.3,102.0,3.91,5,8,1,0
2025-08-24,46.07,2543.0,67.7,101.6,142.2,2.76,6,8,1,0
2025-08-25,54.99,2865.0,68.0,473.3,130.6,3.43,0,8,0,0
2025-08-26,56.06,2830.0,80.1,226.9,148.1,3.47,1,8,0,0
2025-08-27,36.89,2787.0,75.8,158.4,148.0,2.91,2,8,0,0
2025-08-28,54.09,2767.0,71.0,359.7,130.7,2.85,3,8,0,0
2025-08-29,39.21,2816.0,71.9,354.6,105.0,2.38,4,8,0,0
2025-08-30,38.8,2677.0,71.1,503.8,176.8,3.04,5,8,1,0
2025-08-31,83.55,2417.0,70.3,393.2,141.4,3.1,6,8,1,1
2025-09-01,56.05,3139.0,56.1,338.7,84.3,3.38,0,9,0,0
2025-09-02,56.34,3160.0,66.9,199.1,200.9,3.56,1,9,0,0
2025-09-03,61.66,3374.0,69.7,236.8,129.7,3.87,2,9,0,0
2025-09-04,63.67,3080.0,68.7,288.9,74.6,3.13,3,9,0,0
2025-09-05,64.3,3254.0,64.2,400.3,136.0,4.06,4,9,0,0
2025-09-06,61.61,2592.0,46.5,379.5,115.1,3.47,5,9,1,0
2025-09-07,48.16,2590.0,62.0,529.4,99.4,2.95,6,9,1,0
2025-09-08,58.93,3271.0,59.7,169.5,101.8,3.3,0,9,0,0
2025-09-09,50.84,3050.0,63.1,275.6,98.9,3.52,1,9,0,0
2025-09-10,53.41,2968.0,66.8,498.4,83.8,3.35,2,9,0,0
2025-09-11,59.42,3138.0,57.9,344.1,101.3,3.35,3,9,0,0
2025-09-12,60.38,3108.0,61.9,463.2,131.1,3.8,4,9,0,0
2025-09-13,56.25,2786.0,84.6,317.4,89.9,4.09,5,9,1,0
2025-09-14,53.39,2872.0,57.7,508.3,149.4,3.17,6,9,1,0
2025-09-15,55.64,3311.0,64.3,277.1,69.6,2.77,0,9,0,0
2025-09-16,49.01,2862.0,61.4,596.9,103.6,3.45,1,9,0,0
2025-09-17,51.56,2949.0,69.1,359.0,164.9,3.09,2,9,0,0
2025-09-18,60.09,3307.0,51.5,328.3,137.7,3.54,3,9,0,0
2025-09-19,52.25,3161.0,63.7,263.2,101.1,2.8,4,9,0,0
2025-09-20,55.69,2573.0,65.9,389.3,101.4,3.74,5,9,1,0
2025-09-21,40.78,2836.0,57.8,455.5,100.7,3.09,6,9,1,0
2025-09-22,51.94,3205.0,50.6,266.9,67.3,3.46,0,9,0,0
2025-09-23,56.39,2923.0,70.5,220.2,101.3,3.32,1,9,0,0
2025-09-24,61.96,3077.0,70.6,448.4,90.2,4.42,2,9,0,0
2025-09-25,63.82,3042.0,47.6,317.8,134.2,3.19,3,9,0,0
2025-09-26,56.17,2809.0,54.7,378.1,136.7,3.66,4,9,0,0
2025-09-27,52.98,2941.0,65.0,363.0,108.7,3.76,5,9,1,0
2025-09-28,41.51,2800.0,60.9,445.0,138.8,3.02,6,9,1,0
2025-09-29,37.53,3140.0,57.4,369.3,72.9,3.54,0,9,0,0
2025-09-30,61.56,2839.0,58.5,598.3,104.2,4.16,1,9,0,0
2025-10-01,65.16,3110.0,44.3,347.8,65.9,3.46,2,10,0,0
2025-10-02,72.91,3392.0,50.2,345.9,20.3,4.29,3,10,0,0
2025-10-03,51.5,3236.0,49.9,395.4,74.3,2.51,4,10,0,0
2025-10-04,70.05,2675.0,31.6,296.6,35.0,3.89,5,10,1,0
2025-10-05,65.97,2699.0,47.4,160.9,44.1,3.38,6,10,1,0
2025-10-06,79.46,3384.0,63.3,445.7,57.1,3.64,0,10,0,0
2025-10-07,66.47,3272.0,45.4,230.7,61.5,2.79,1,10,0,0
2025-10-08,70.55,2960.0,46.6,509.3,78.5,3.86,2,10,0,0
2025-10-09,61.86,3535.0,48.7,376.5,128.1,3.83,3,10,0,0
2025-10-10,56.93,3056.0,53.2,142.3,147.6,2.96,4,10,0,0
2025-10-11,65.58,2674.0,61.7,330.5,102.5,3.05,5,10,1,0
2025-10-12,70.72,3118.0,51.1,176.1,77.0,2.89,6,10,1,0
2025-10-13,68.59,3190.0,49.2,182.6,88.0,3.28,0,10,0,0
2025-10-14,61.57,3272.0,51.6,355.3,47.3,4.41,1,10,0,0
2025-10-15,72.49,3218.0,57.3,201.7,59.4,3.71,2,10,0,0
2025-10-16,61.85,3034.0,46.0,19.1,118.1,3.44,3,10,0,0
2025-10-17,60.65,3125.0,64.7,343.0,106.6,4.17,4,10,0,0
2025-10-18,62.01,3078.0,49.3,293.3,131.6,4.03,5,10,1,0
2025-10-19,66.07,2883.0,41.7,459.4,87.1,2.89,6,10,1,0
2025-10-20,64.9,3341.0,59.9,395.4,51.9,3.71,0,10,0,0
2025-10-21,63.07,3302.0,48.2,259.0,96.9,3.36,1,10,0,0
2025-10-22,66.51,3071.0,44.5,478.4,48.9,3.44,2,10,0,0
2025-10-23,58.73,3080.0,51.1,423.4,86.3,3.87,3,10,0,0
2025-10-24,67.75,3003.0,53.1,389.1,98.9,3.34,4,10,0,0
2025-10-25,57.57,2965.0,45.7,189.3,124.5,2.9,5,10,1,0
2025-10-26,66.63,2944.0,57.5,421.6,99.7,3.63,6,10,1,0
2025-10-27,61.14,3021.0,57.3,345.5,84.1,3.31,0,10,0,0
2025-10-28,73.17,3273.0,46.6,251.1,76.8,3.29,1,10,0,0
2025-10-29,70.1,3249.0,38.5,449.6,126.4,3.85,2,10,0,0
2025-10-30,63.39,2977.0,36.9,427.8,152.6,3.36,3,10,0,0
2025-10-31,57.31,3118.0,41.7,265.8,66.6,3.95,4,10,0,0
2025-11-01,60.69,2772.0,28.2,16.6,34.6,3.13,5,11,1,0
2025-11-02,51.29,2777.0,33.5,377.6,105.4,3.4,6,11,1,0
2025-11-03,65.96,3143.0,33.5,412.3,22.5,3.09,0,11,0,0
2025-11-04,44.5,3069.0,36.8,252.0,75.8,3.0,1,11,0,0
2025-11-05,69.66,3085.0,33.6,455.6,55.4,2.62,2,11,0,0
2025-11-06,68.83,2883.0,28.2,259.6,57.4,2.98,3,11,0,0
2025-11-07,58.19,3094.0,45.0,49.5,24.5,3.18,4,11,0,0
2025-11-08,56.04,2816.0,32.1,65.9,0.0,3.35,5,11,1,0
2025-11-09,58.9,2522.0,46.3,24.1,83.8,3.58,6,11,1,0
2025-11-10,58.16,3052.0,30.3,181.6,40.0,3.75,0,11,0,0
2025-11-11,57.42,3351.0,32.9,187.2,98.3,3.12,1,11,0,0
2025-11-12,66.48,2856.0,41.3,87.0,40.8,3.27,2,11,0,0
2025-11-13,60.21,3169.0,33.7,240.4,84.4,3.36,3,11,0,0
2025-11-14,64.73,3338.0,29.4,178.3,58.4,3.54,4,11,0,0
2025-11-15,61.02,2680.0,39.7,164.9,81.3,4.13,5,11,1,0
2025-11-16,63.36,2664.0,25.6,282.4,34.1,3.47,6,11,1,0
2025-11-17,72.59,3250.0,34.5,46.0,9.3,3.82,0,11,0,0
2025-11-18,58.68,3116.0,48.9,32.8,90.3,3.21,1,11,0,0
2025-11-19,58.15,2976.0,45.8,239.5,72.0,3.92,2,11,0,0
2025-11-20,53.02,2962.0,28.0,289.2,79.0,3.61,3,11,0,0
2025-11-21,56.86,3267.0,46.3,206.2,84.9,2.97,4,11,0,0
2025-11-22,68.96,2509.0,42.3,284.7,72.6,3.24,5,11,1,0
2025-11-23,62.36,2843.0,43.2,20.4,20.4,2.82,6,11,1,0
2025-11-24,58.52,3051.0,37.0,124.2,77.3,4.12,0,11,0,0
2025-11-25,65.0,3132.0,21.7,320.6,36.7,4.01,1,11,0,0
2025-11-26,64.41,2921.0,48.9,497.3,58.2,4.11,2,11,0,0
2025-11-27,55.7,3380.0,40.9,326.7,81.3,3.01,3,11,0,0
2025-11-28,64.04,3025.0,20.7,0.0,72.4,3.82,4,11,0,0
2025-11-29,59.18,2793.0,36.2,292.4,66.7,3.33,5,11,1,0
2025-11-30,55.45,2900.0,41.0,144.9,23.4,4.12,6,11,1,0
2025-12-01,55.63,3032.0,32.2,240.3,0.0,3.35,0,12,0,0
2025-12-02,60.23,2917.0,22.0,306.3,26.4,2.99,1,12,0,0
2025-12-03,62.26,3322.0,17.5,388.1,58.1,3.34,2,12,0,0
2025-12-04,69.97,3046.0,13.5,293.3,18.1,3.84,3,12,0,0
2025-12-05,69.84,3198.0,22.6,182.2,28.2,3.12,4,12,0,0
2025-12-06,59.74,2908.0,23.6,206.0,77.3,3.38,5,12,1,0
2025-12-07,58.37,2842.0,19.0,265.9,73.9,3.24,6,12,1,0
2025-12-08,55.0,3046.0,18.2,277.8,0.2,2.68,0,12,0,0
2025-12-09,70.78,2850.0,15.6,284.0,47.1,3.67,1,12,0,0
2025-12-10,63.96,3101.0,35.5,431.7,6.2,3.21,2,12,0,0
2025-12-11,63.36,3080.0,26.9,56.7,47.0,3.52,3,12,0,0
2025-12-12,57.95,3228.0,32.5,150.0,70.1,3.57,4,12,0,0
2025-12-13,64.81,2897.0,28.1,264.8,52.1,3.53,5,12,1,0
2025-12-14,47.5,3021.0,40.6,173.1,86.0,3.3,6,12,1,0
2025-12-15,105.73,2977.0,36.6,77.5,76.5,3.0,0,12,0,1
2025-12-16,51.47,2916.0,22.7,262.4,47.0,3.92,1,12,0,0
2025-12-17,65.18,3117.0,35.8,145.1,45.4,3.45,2,12,0,0
2025-12-18,72.51,3243.0,30.5,310.4,66.3,3.06,3,12,0,0
2025-12-19,66.66,3240.0,30.3,216.4,70.0,4.07,4,12,0,0
2025-12-20,63.41,2619.0,18.7,384.2,18.3,3.7,5,12,1,0
2025-12-21,87.63,2858.0,31.0,164.3,85.7,4.02,6,12,1,1
2025-12-22,57.57,3229.0,45.9,259.7,37.0,3.29,0,12,0,0
2025-12-23,57.17,3182.0,38.4,182.6,76.9,3.36,1,12,0,0
2025-12-24,65.12,3116.0,30.1,146.8,63.7,3.34,2,12,0,0
2025-12-25,53.83,3037.0,15.0,148.3,43.3,3.27,3,12,0,0
2025-12-26,71.8,2967.0,36.3,252.0,0.0,3.53,4,12,0,0
2025-12-27,47.64,2706.0,29.0,237.4,82.9,3.15,5,12,1,0
2025-12-28,62.46,2754.0,18.8,202.7,60.4,3.11,6,12,1,0
2025-12-29,58.8,3089.0,30.1,266.6,31.7,3.34,0,12,0,0
2025-12-30,52.33,3081.0,42.2,270.6,0.0,2.8,1,12,0,0
2025-12-31,67.96,3365.0,18.4,239.0,58.6,3.53,2,12,0,0
2026-01-01,69.96,2870.0,31.0,215.3,0.0,3.6,3,1,0,0
2026-01-02,55.01,3043.0,18.4,142.1,14.5,3.89,4,1,0,0
2026-01-03,62.01,2719.0,20.9,434.8,0.0,4.24,5,1,1,0
2026-01-04,56.38,2766.0,25.5,176.1,53.4,3.69,6,1,1,0
2026-01-05,61.43,3185.0,32.2,551.3,65.5,4.15,0,1,0,0
2026-01-06,57.13,2845.0,25.0,169.5,51.4,3.78,1,1,0,0
2026-01-07,61.52,2889.0,21.3,143.4,49.8,4.02,2,1,0,0
2026-01-08,73.42,3003.0,14.4,363.4,75.4,4.17,3,1,0,0
2026-01-09,68.09,2937.0,26.7,384.2,102.8,4.25,4,1,0,0
2026-01-10,53.66,2673.0,20.0,323.7,90.3,3.74,5,1,1,0
2026-01-11,57.07,2791.0,17.4,391.8,42.2,3.77,6,1,1,0
2026-01-12,64.69,3020.0,30.9,55.3,66.5,3.88,0,1,0,0
2026-01-13,61.4,2800.0,21.1,0.0,57.0,3.86,1,1,0,0
2026-01-14,63.38,3134.0,26.0,354.8,65.2,4.26,2,1,0,0
2026-01-15,59.3,2778.0,42.7,175.9,78.4,3.4,3,1,0,0
2026-01-16,53.04,2978.0,24.5,244.0,43.1,3.08,4,1,0,0
2026-01-17,72.49,2870.0,34.2,323.8,70.7,3.07,5,1,1,0
2026-01-18,123.66,2607.0,14.1,37.3,39.4,4.18,6,1,1,1
2026-01-19,62.45,2663.0,25.8,406.6,70.6,3.24,0,1,0,0
2026-01-20,61.04,2887.0,26.7,311.6,57.5,2.89,1,1,0,0
2026-01-21,112.81,2960.0,15.5,243.1,72.3,3.41,2,1,0,1
2026-01-22,58.5,2915.0,21.2,163.8,39.3,3.77,3,1,0,0
2026-01-23,66.31,2920.0,18.4,289.3,0.0,3.91,4,1,0,0
2026-01-24,65.38,2898.0,27.5,520.5,15.2,3.18,5,1,1,0
2026-01-25,53.57,2854.0,19.9,178.4,21.0,4.28,6,1,1,0
2026-01-26,57.06,2918.0,33.0,254.6,0.0,3.54,0,1,0,0
2026-01-27,55.35,2807.0,27.8,94.3,94.2,3.34,1,1,0,0
2026-01-28,58.24,3123.0,21.7,148.2,30.8,4.18,2,1,0,0
2026-01-29,58.93,3110.0,12.9,230.1,58.6,3.82,3,1,0,0
2026-01-30,69.27,2940.0,27.4,222.2,75.3,3.69,4,1,0,0
2026-01-31,58.42,2510.0,35.9,466.8,51.7,3.99,5,1,1,0
2026-02-01,64.47,2756.0,29.2,379.8,165.9,3.88,6,2,1,0
2026-02-02,67.25,2962.0,36.6,0.0,102.7,3.71,0,2,0,0
2026-02-03,79.48,3167.0,38.7,243.7,150.2,4.14,1,2,0,0
2026-02-04,69.54,3204.0,39.3,306.7,109.1,3.56,2,2,0,0
2026-02-05,66.36,3043.0,30.9,304.1,77.7,3.7,3,2,0,0
2026-02-06,71.84,3110.0,22.0,466.7,118.8,3.79,4,2,0,0
2026-02-07,59.04,2622.0,25.0,256.8,60.5,4.44,5,2,1,0
2026-02-08,70.05,2360.0,32.2,145.2,66.8,3.29,6,2,1,0
2026-02-09,57.36,3102.0,35.0,376.6,50.7,4.27,0,2,0,0
2026-02-10,55.32,3052.0,41.7,204.4,78.6,4.15,1,2,0,0
2026-02-11,69.41,3131.0,32.4,237.1,133.7,4.1,2,2,0,0
2026-02-12,72.89,2961.0,26.0,378.9,44.9,3.66,3,2,0,0
2026-02-13,59.88,3192.0,25.7,465.8,84.2,3.61,4,2,0,0
2026-02-14,136.33,2840.0,22.9,137.9,88.8,4.19,5,2,1,1
2026-02-15,65.93,2692.0,41.6,282.4,69.1,4.37,6,2,1,0
2026-02-16,61.68,3270.0,33.6,426.7,34.7,4.47,0,2,0,0
2026-02-17,62.34,3140.0,32.1,289.3,40.5,4.14,1,2,0,0
2026-02-18,59.81,2935.0,34.5,110.9,96.3,3.21,2,2,0,0
2026-02-19,74.59,3123.0,27.6,205.9,97.1,3.21,3,2,0,0
2026-02-20,60.62,3069.0,28.9,64.0,70.2,3.37,4,2,0,0
2026-02-21,79.66,2661.0,24.6,419.9,97.1,3.75,5,2,1,0
2026-02-22,67.23,2810.0,29.3,494.9,58.1,3.19,6,2,1,0
2026-02-23,77.37,3110.0,21.4,276.6,110.9,4.39,0,2,0,0
2026-02-24,60.67,3080.0,30.8,249.0,107.2,4.11,1,2,0,0
2026-02-25,61.88,3161.0,21.7,323.4,72.0,3.58,2,2,0,0
2026-02-26,61.79,3003.0,28.9,286.7,110.5,3.3,3,2,0,0
2026-02-27,75.35,3034.0,26.1,444.4,62.3,3.72,4,2,0,0
2026-02-28,68.21,2759.0,27.9,329.1,91.8,4.23,5,2,1,0
2026-03-01,63.76,2712.0,36.3,317.3,169.9,4.11,6,3,1,0
2026-03-02,63.34,2937.0,41.2,371.5,175.7,3.82,0,3,0,0
2026-03-03,71.16,2906.0,46.4,278.7,140.8,3.88,1,3,0,0
2026-03-04,74.03,3372.0,50.2,520.7,121.4,4.11,2,3,0,0
2026-03-05,55.72,3197.0,45.9,339.8,116.2,3.82,3,3,0,0
2026-03-06,65.3,3015.0,39.8,399.5,144.5,3.73,4,3,0,0
2026-03-07,60.16,2948.0,37.7,464.9,110.9,3.21,5,3,1,0
2026-03-08,58.41,2680.0,36.3,552.4,86.2,3.5,6,3,1,0
2026-03-09,76.07,2967.0,42.6,340.4,141.2,3.14,0,3,0,0
2026-03-10,66.76,3281.0,38.4,396.9,141.3,3.5,1,3,0,0
2026-03-11,54.88,3128.0,37.0,490.2,109.0,3.81,2,3,0,0
2026-03-12,69.64,3354.0,25.6,316.7,163.5,3.78,3,3,0,0
2026-03-13,71.62,3364.0,37.6,231.6,112.9,3.28,4,3,0,0
2026-03-14,49.11,2789.0,44.1,300.4,116.3,3.71,5,3,1,0
2026-03-15,68.65,2871.0,29.6,288.8,145.5,3.54,6,3,1,0
2026-03-16,66.14,3246.0,36.6,387.9,139.2,3.2,0,3,0,0
2026-03-17,52.91,3256.0,39.9,599.9,113.2,3.13,1,3,0,0
2026-03-18,60.93,3076.0,37.6,400.8,174.0,4.06,2,3,0,0
2026-03-19,69.83,3157.0,50.2,213.5,108.5,4.14,3,3,0,0
2026-03-20,67.21,2966.0,41.2,500.1,135.7,3.94,4,3,0,0
2026-03-21,65.76,2722.0,39.6,160.8,148.9,3.18,5,3,1,0
2026-03-22,55.49,2733.0,31.6,428.6,102.4,3.84,6,3,1,0
2026-03-23,60.7,2953.0,29.4,402.5,132.8,3.93,0,3,0,0
2026-03-24,77.1,2828.0,33.4,357.5,87.7,4.0,1,3,0,0
2026-03-25,143.16,3072.0,40.5,393.8,104.4,4.51,2,3,0,1
2026-03-26,55.41,3157.0,31.8,337.6,134.4,4.23,3,3,0,0
2026-03-27,72.77,3284.0,37.7,306.0,127.2,3.92,4,3,0,0
2026-03-28,71.21,2822.0,54.9,304.5,199.4,3.92,5,3,1,0
2026-03-29,56.19,2672.0,30.7,615.2,122.4,3.7,6,3,1,0
2026-03-30,118.76,2794.0,29.9,451.6,115.3,3.42,0,3,0,1
